joint0_x,joint0_y,joint0_z,joint1_x,joint1_y,joint1_z,joint2_x,joint2_y,joint2_z,joint3_x,joint3_y,joint3_z,joint4_x,joint4_y,joint4_z,joint5_x,joint5_y,joint5_z,joint6_x,joint6_y,joint6_z,joint7_x,joint7_y,joint7_z,joint8_x,joint8_y,joint8_z,joint9_x,joint9_y,joint9_z,joint10_x,joint10_y,joint10_z,joint11_x,joint11_y,joint11_z,joint12_x,joint12_y,joint12_z,joint13_x,joint13_y,joint13_z,joint14_x,joint14_y,joint14_z,joint15_x,joint15_y,joint15_z,joint16_x,joint16_y,joint16_z,joint17_x,joint17_y,joint17_z,joint18_x,joint18_y,joint18_z,joint19_x,joint19_y,joint19_z,joint20_x,joint20_y,joint20_z,joint21_x,joint21_y,joint21_z,joint22_x,joint22_y,joint22_z,joint23_x,joint23_y,joint23_z,joint24_x,joint24_y,joint24_z,joint25_x,joint25_y,joint25_z,joint26_x,joint26_y,joint26_z,joint27_x,joint27_y,joint27_z,joint28_x,joint28_y,joint28_z,joint29_x,joint29_y,joint29_z,joint30_x,joint30_y,joint30_z,joint31_x,joint31_y,joint31_z,joint32_x,joint32_y,joint32_z
398.0,103.0,3.319000244140625,398.0,96.0,3.337000131607056,399.0,96.0,3.337000131607056,400.0,97.0,3.337000131607056,393.0,94.0,3.337000131607056,390.0,94.0,3.355000257492065,387.0,93.0,3.337000131607056,395.0,100.0,3.355000257492065,377.0,96.0,3.392000198364258,396.0,112.0,3.199000120162964,391.0,111.0,3.2320001125335693,407.0,156.0,3.4110002517700195,345.0,139.0,2.5200002193450928,414.0,208.0,2.6840000152587886,378.0,169.0,3.1020002365112305,432.0,265.0,3.199000120162964,455.0,175.0,3.392000198364258,437.0,281.0,3.355000257492065,469.0,176.0,3.392000198364258,434.0,281.0,3.449000120162964,470.0,174.0,3.4110002517700195,431.0,277.0,3.449000120162964,465.0,173.0,3.392000198364258,398.0,283.0,3.392000198364258,352.0,285.0,2.5410001277923584,404.0,377.0,2.627000093460083,340.0,376.0,2.8060002326965328,424.0,453.0,1.6510000228881836,335.0,449.0,1.715000033378601,420.0,462.0,1.5750000476837158,340.0,456.0,1.6600000858306885,0.0,0.0,0.0,0.0,0.0,0.0
398.0,103.0,3.374000072479248,399.0,96.0,3.355000257492065,400.0,97.0,3.355000257492065,401.0,97.0,3.355000257492065,394.0,94.0,3.355000257492065,391.0,94.0,3.337000131607056,388.0,93.0,3.355000257492065,396.0,101.0,3.355000257492065,377.0,95.0,3.21500015258789,397.0,112.0,3.2320001125335693,391.0,111.0,3.355000257492065,406.0,155.0,3.449000120162964,345.0,139.0,2.5510001182556152,419.0,204.0,3.430000066757202,384.0,174.0,2.968000173568725,431.0,266.0,3.21500015258789,451.0,197.0,3.319000244140625,435.0,283.0,3.21500015258789,464.0,203.0,3.2660002708435054,433.0,282.0,3.199000120162964,464.0,202.0,3.249000072479248,430.0,277.0,3.150000095367432,461.0,200.0,3.249000072479248,398.0,284.0,3.249000072479248,352.0,284.0,2.5410001277923584,403.0,377.0,2.5410001277923584,340.0,375.0,2.7440001964569087,424.0,453.0,1.6420000791549683,335.0,447.0,1.7200000286102295,420.0,462.0,1.599000096321106,341.0,454.0,1.6780000925064087,0.0,0.0,0.0,0.0,0.0,0.0
399.0,103.0,3.2320001125335693,400.0,96.0,3.319000244140625,401.0,96.0,3.3010001182556152,402.0,96.0,3.2840001583099365,395.0,95.0,3.468000173568725,393.0,94.0,3.5280001163482666,389.0,93.0,3.54800009727478,395.0,100.0,3.319000244140625,379.0,95.0,3.4880001544952393,397.0,111.0,3.2660002708435054,391.0,110.0,3.2660002708435054,404.0,153.0,3.392000198364258,340.0,137.0,2.819000244140625,416.0,217.0,3.1020002365112305,358.0,152.0,2.384000062942505,434.0,264.0,3.319000244140625,375.0,107.0,3.610000133514404,440.0,280.0,3.355000257492065,379.0,98.0,3.508000135421753,437.0,280.0,3.374000072479248,379.0,98.0,3.508000135421753,433.0,275.0,3.4880001544952393,377.0,101.0,3.5280001163482666,397.0,281.0,3.249000072479248,351.0,283.0,2.489000082015991,403.0,375.0,2.67300009727478,341.0,373.0,2.7680001258850098,425.0,454.0,1.6290000677108765,336.0,446.0,1.715000033378601,421.0,464.0,1.5630000829696655,341.0,454.0,1.6290000677108765,0.0,0.0,0.0,328.0,474.0,1.5670000314712524
393.0,106.0,3.392000198364258,396.0,98.0,3.355000257492065,397.0,99.0,3.355000257492065,399.0,100.0,3.355000257492065,388.0,96.0,3.2660002708435054,385.0,96.0,3.199000120162964,382.0,95.0,3.1660001277923584,395.0,103.0,3.319000244140625,376.0,96.0,3.199000120162964,393.0,115.0,3.374000072479248,383.0,113.0,3.392000198364258,404.0,153.0,3.3010001182556152,339.0,137.0,2.845000028610229,416.0,216.0,3.374000072479248,361.0,154.0,2.450000047683716,434.0,265.0,3.337000131607056,387.0,113.0,3.4110002517700195,440.0,281.0,3.430000066757202,397.0,104.0,3.355000257492065,436.0,281.0,3.4110002517700195,393.0,99.0,3.319000244140625,432.0,276.0,3.2320001125335693,393.0,108.0,3.4110002517700195,397.0,282.0,3.468000173568725,351.0,285.0,2.510000228881836,403.0,375.0,2.450000047683716,341.0,374.0,2.819000244140625,425.0,454.0,1.6380001306533811,336.0,447.0,1.7340000867843628,421.0,463.0,1.5750000476837158,341.0,455.0,1.6510000228881836,0.0,0.0,0.0,328.0,475.0,1.5430001020431519
394.0,105.0,3.337000131607056,396.0,97.0,3.355000257492065,398.0,98.0,3.319000244140625,400.0,99.0,3.2840001583099365,389.0,95.0,3.355000257492065,386.0,94.0,3.2660002708435054,383.0,94.0,3.2320001125335693,397.0,103.0,3.3010001182556152,374.0,96.0,3.1820001602172847,395.0,114.0,3.374000072479248,386.0,113.0,3.392000198364258,0.0,0.0,0.0,341.0,137.0,2.720000028610229,416.0,214.0,3.2660002708435054,372.0,156.0,2.7680001258850098,434.0,265.0,3.355000257492065,424.0,111.0,3.337000131607056,440.0,281.0,3.150000095367432,437.0,101.0,3.21500015258789,436.0,281.0,3.1820001602172847,433.0,98.0,3.2660002708435054,432.0,277.0,3.1820001602172847,431.0,100.0,3.249000072479248,397.0,282.0,3.337000131607056,351.0,286.0,2.5410001277923584,403.0,376.0,2.594000101089477,341.0,374.0,2.819000244140625,425.0,454.0,1.6600000858306885,336.0,447.0,1.6780000925064087,421.0,463.0,1.599000096321106,341.0,455.0,1.6250001192092896,0.0,0.0,0.0,327.0,475.0,1.5280001163482666
397.0,105.0,3.374000072479248,398.0,97.0,3.355000257492065,399.0,97.0,3.374000072479248,400.0,98.0,3.374000072479248,392.0,95.0,3.3010001182556152,389.0,94.0,3.3010001182556152,386.0,93.0,3.2840001583099365,397.0,101.0,3.374000072479248,375.0,95.0,3.319000244140625,396.0,113.0,3.2660002708435054,390.0,112.0,3.1820001602172847,407.0,155.0,3.374000072479248,343.0,137.0,2.6840000152587886,416.0,216.0,3.2840001583099365,375.0,149.0,3.1020002365112305,434.0,266.0,3.150000095367432,452.0,142.0,3.355000257492065,440.0,282.0,3.3010001182556152,466.0,135.0,3.319000244140625,436.0,282.0,3.3010001182556152,464.0,132.0,3.3010001182556152,432.0,277.0,3.3010001182556152,461.0,133.0,3.2840001583099365,398.0,282.0,3.071000099182129,351.0,285.0,2.5300002098083496,403.0,376.0,2.594000101089477,341.0,375.0,2.67300009727478,425.0,454.0,1.6640000343322752,335.0,447.0,1.7100000381469727,421.0,463.0,1.5750000476837158,341.0,455.0,1.6420000791549683,0.0,0.0,0.0,326.0,475.0,1.555000066757202
399.0,104.0,3.1820001602172847,399.0,96.0,3.2660002708435054,400.0,97.0,3.2660002708435054,401.0,97.0,3.2840001583099365,395.0,95.0,3.21500015258789,392.0,94.0,3.21500015258789,389.0,93.0,3.2320001125335693,397.0,101.0,3.1660001277923584,377.0,95.0,3.337000131607056,397.0,113.0,3.2320001125335693,392.0,112.0,3.249000072479248,408.0,156.0,3.21500015258789,344.0,137.0,2.5830001831054688,415.0,214.0,3.392000198364258,374.0,169.0,2.8710000514984126,433.0,268.0,3.2840001583099365,455.0,173.0,3.319000244140625,438.0,283.0,3.2320001125335693,470.0,172.0,3.199000120162964,435.0,283.0,3.2320001125335693,470.0,169.0,3.2320001125335693,432.0,278.0,3.337000131607056,465.0,169.0,3.3010001182556152,398.0,283.0,3.2320001125335693,352.0,285.0,2.5410001277923584,403.0,377.0,2.5410001277923584,340.0,376.0,2.7080001831054688,425.0,454.0,1.6160000562667847,335.0,447.0,1.715000033378601,421.0,463.0,1.555000066757202,341.0,454.0,1.6780000925064087,0.0,0.0,0.0,0.0,0.0,0.0
399.0,104.0,3.319000244140625,400.0,97.0,3.3010001182556152,400.0,97.0,3.3010001182556152,401.0,98.0,3.2660002708435054,395.0,95.0,3.337000131607056,393.0,94.0,3.319000244140625,389.0,93.0,3.249000072479248,397.0,101.0,3.21500015258789,378.0,95.0,3.2840001583099365,397.0,113.0,3.374000072479248,392.0,112.0,3.392000198364258,407.0,154.0,3.2660002708435054,345.0,137.0,2.562000036239624,415.0,205.0,3.2840001583099365,381.0,176.0,2.9120001792907715,431.0,267.0,3.392000198364258,453.0,198.0,3.337000131607056,436.0,283.0,3.392000198364258,464.0,203.0,3.150000095367432,434.0,283.0,3.392000198364258,465.0,201.0,3.118000030517578,431.0,278.0,3.4880001544952393,462.0,200.0,3.150000095367432,399.0,284.0,3.319000244140625,352.0,285.0,2.5410001277923584,403.0,377.0,2.5510001182556152,340.0,375.0,2.7080001831054688,425.0,453.0,1.6640000343322752,335.0,446.0,1.701000094413757,421.0,462.0,1.559000015258789,341.0,454.0,1.6640000343322752,0.0,0.0,0.0,327.0,475.0,1.502000093460083
400.0,104.0,3.2660002708435054,401.0,97.0,3.21500015258789,401.0,97.0,3.21500015258789,402.0,98.0,3.249000072479248,396.0,95.0,3.21500015258789,393.0,94.0,3.2320001125335693,390.0,93.0,3.249000072479248,397.0,101.0,3.2320001125335693,378.0,95.0,3.3010001182556152,398.0,113.0,3.355000257492065,393.0,112.0,3.319000244140625,405.0,153.0,3.249000072479248,345.0,137.0,2.6050000190734863,415.0,208.0,3.337000131607056,383.0,180.0,3.21500015258789,431.0,267.0,3.374000072479248,444.0,223.0,3.392000198364258,434.0,284.0,3.2840001583099365,451.0,229.0,3.374000072479248,430.0,283.0,3.2840001583099365,454.0,228.0,3.392000198364258,428.0,277.0,3.374000072479248,450.0,227.0,3.374000072479248,399.0,284.0,3.337000131607056,351.0,285.0,2.5300002098083496,403.0,379.0,2.4790000915527344,340.0,377.0,2.696000099182129,425.0,453.0,1.6380001306533811,335.0,448.0,1.6910001039505005,421.0,462.0,1.5870001316070557,341.0,455.0,1.6330001354217527,0.0,0.0,0.0,0.0,0.0,0.0
400.0,104.0,3.337000131607056,401.0,97.0,3.2660002708435054,402.0,97.0,3.2840001583099365,403.0,98.0,3.337000131607056,396.0,95.0,3.2660002708435054,393.0,94.0,3.337000131607056,390.0,93.0,3.337000131607056,397.0,101.0,3.2660002708435054,378.0,94.0,3.374000072479248,398.0,113.0,3.2840001583099365,393.0,112.0,3.2660002708435054,404.0,152.0,3.374000072479248,345.0,137.0,2.5510001182556152,415.0,209.0,3.374000072479248,382.0,181.0,3.430000066757202,428.0,266.0,3.337000131607056,441.0,216.0,3.2840001583099365,432.0,283.0,3.3010001182556152,450.0,221.0,3.4110002517700195,429.0,283.0,3.2840001583099365,452.0,220.0,3.392000198364258,427.0,275.0,3.374000072479248,449.0,220.0,3.392000198364258,399.0,284.0,3.392000198364258,351.0,285.0,2.5300002098083496,403.0,379.0,2.5200002193450928,340.0,377.0,2.6840000152587886,425.0,454.0,1.6290000677108765,335.0,448.0,1.7100000381469727,421.0,463.0,1.5830000638961792,341.0,455.0,1.6640000343322752,0.0,0.0,0.0,0.0,0.0,0.0
400.0,104.0,3.392000198364258,401.0,97.0,3.1820001602172847,402.0,97.0,3.1660001277923584,403.0,98.0,3.1820001602172847,396.0,95.0,3.2660002708435054,393.0,94.0,3.337000131607056,390.0,93.0,3.355000257492065,397.0,101.0,3.355000257492065,378.0,94.0,3.319000244140625,398.0,113.0,3.319000244140625,393.0,112.0,3.2320001125335693,405.0,152.0,3.610000133514404,345.0,137.0,2.510000228881836,415.0,206.0,3.071000099182129,379.0,180.0,3.249000072479248,428.0,265.0,3.2660002708435054,448.0,192.0,3.374000072479248,432.0,284.0,3.374000072479248,461.0,194.0,3.355000257492065,430.0,283.0,3.3010001182556152,462.0,192.0,3.319000244140625,427.0,276.0,3.319000244140625,459.0,192.0,3.337000131607056,399.0,284.0,3.199000120162964,351.0,284.0,2.5200002193450928,403.0,379.0,2.489000082015991,340.0,376.0,2.858000040054321,425.0,454.0,1.6330001354217527,335.0,447.0,1.7290000915527344,421.0,463.0,1.5790001153945923,341.0,454.0,1.6690000295639038,0.0,0.0,0.0,328.0,475.0,1.5510001182556152
400.0,104.0,3.374000072479248,401.0,97.0,3.3010001182556152,402.0,97.0,3.2840001583099365,403.0,97.0,3.2840001583099365,397.0,95.0,3.2660002708435054,394.0,94.0,3.2840001583099365,391.0,93.0,3.319000244140625,397.0,100.0,3.355000257492065,379.0,95.0,3.430000066757202,398.0,113.0,3.249000072479248,393.0,112.0,3.3010001182556152,408.0,154.0,2.3470001220703125,344.0,137.0,2.638000011444092,415.0,216.0,3.249000072479248,375.0,171.0,2.338000059127808,430.0,266.0,3.337000131607056,450.0,146.0,3.355000257492065,436.0,283.0,3.337000131607056,464.0,140.0,3.21500015258789,432.0,283.0,3.2840001583099365,463.0,137.0,3.2660002708435054,429.0,277.0,3.3010001182556152,459.0,138.0,3.3010001182556152,399.0,283.0,3.199000120162964,351.0,284.0,2.510000228881836,403.0,378.0,2.5510001182556152,340.0,375.0,2.885000228881836,425.0,454.0,1.6510000228881836,335.0,446.0,1.7340000867843628,421.0,463.0,1.5750000476837158,341.0,454.0,1.6200001239776611,0.0,0.0,0.0,328.0,475.0,1.5670000314712524
399.0,104.0,3.355000257492065,400.0,97.0,3.319000244140625,401.0,97.0,3.2840001583099365,402.0,98.0,3.249000072479248,395.0,95.0,3.449000120162964,393.0,94.0,3.4880001544952393,389.0,93.0,3.5280001163482666,397.0,101.0,3.374000072479248,378.0,95.0,3.508000135421753,397.0,112.0,3.449000120162964,392.0,111.0,3.468000173568725,405.0,154.0,3.4110002517700195,345.0,137.0,2.627000093460083,417.0,206.0,3.337000131607056,383.0,177.0,3.2320001125335693,428.0,264.0,3.319000244140625,449.0,210.0,3.355000257492065,433.0,283.0,3.2840001583099365,460.0,216.0,3.430000066757202,430.0,283.0,3.1820001602172847,460.0,215.0,3.430000066757202,428.0,277.0,3.355000257492065,457.0,215.0,3.449000120162964,398.0,283.0,3.249000072479248,351.0,284.0,2.510000228881836,403.0,378.0,2.4790000915527344,340.0,375.0,2.7560000419616695,424.0,453.0,1.6330001354217527,335.0,447.0,1.724000096321106,420.0,462.0,1.5790001153945923,341.0,453.0,1.6780000925064087,0.0,0.0,0.0,0.0,0.0,0.0
400.0,103.0,3.1660001277923584,401.0,95.0,3.430000066757202,402.0,96.0,3.4110002517700195,403.0,96.0,3.430000066757202,396.0,94.0,3.374000072479248,393.0,93.0,3.374000072479248,390.0,92.0,3.355000257492065,398.0,100.0,3.249000072479248,378.0,94.0,3.430000066757202,399.0,112.0,3.2320001125335693,394.0,111.0,3.21500015258789,407.0,154.0,3.1020002365112305,344.0,137.0,2.616000175476074,416.0,217.0,3.392000198364258,371.0,162.0,2.2780001163482666,432.0,265.0,3.337000131607056,426.0,121.0,3.319000244140625,438.0,282.0,3.21500015258789,439.0,111.0,3.118000030517578,434.0,282.0,3.2840001583099365,436.0,108.0,3.1820001602172847,431.0,277.0,3.4110002517700195,433.0,111.0,3.2320001125335693,398.0,283.0,3.3010001182556152,352.0,284.0,2.5200002193450928,403.0,377.0,2.616000175476074,340.0,375.0,2.7080001831054688,425.0,454.0,1.6460000276565552,336.0,446.0,1.701000094413757,421.0,463.0,1.555000066757202,341.0,453.0,1.6640000343322752,0.0,0.0,0.0,328.0,475.0,1.5210000276565552
398.0,105.0,3.374000072479248,400.0,97.0,3.337000131607056,401.0,97.0,3.337000131607056,402.0,98.0,3.319000244140625,393.0,95.0,3.319000244140625,390.0,94.0,3.337000131607056,387.0,94.0,3.319000244140625,399.0,102.0,3.337000131607056,377.0,96.0,3.319000244140625,397.0,114.0,3.199000120162964,389.0,113.0,3.1820001602172847,406.0,154.0,3.337000131607056,342.0,137.0,2.7930002212524414,416.0,217.0,3.4110002517700195,365.0,154.0,2.3560001850128174,433.0,266.0,3.3010001182556152,396.0,110.0,3.3010001182556152,439.0,282.0,3.21500015258789,405.0,104.0,3.319000244140625,436.0,282.0,3.1820001602172847,402.0,103.0,3.337000131607056,432.0,277.0,3.249000072479248,401.0,108.0,3.355000257492065,398.0,283.0,3.392000198364258,351.0,286.0,2.5200002193450928,403.0,377.0,2.510000228881836,340.0,375.0,2.7560000419616695,425.0,454.0,1.6640000343322752,336.0,446.0,1.7440000772476196,421.0,463.0,1.5670000314712524,341.0,454.0,1.696000099182129,0.0,0.0,0.0,327.0,475.0,1.5830000638961792
398.0,103.0,3.2840001583099365,399.0,96.0,3.337000131607056,400.0,97.0,3.355000257492065,401.0,97.0,3.374000072479248,394.0,95.0,3.2840001583099365,391.0,95.0,3.2320001125335693,388.0,94.0,3.249000072479248,397.0,102.0,3.2840001583099365,379.0,96.0,3.199000120162964,397.0,112.0,3.249000072479248,389.0,111.0,3.249000072479248,406.0,154.0,3.449000120162964,341.0,138.0,2.8060002326965328,416.0,218.0,3.3010001182556152,360.0,154.0,2.402000188827514,433.0,266.0,3.374000072479248,375.0,108.0,3.355000257492065,439.0,282.0,3.337000131607056,378.0,97.0,3.1820001602172847,436.0,282.0,3.319000244140625,376.0,98.0,3.199000120162964,432.0,277.0,3.2320001125335693,377.0,103.0,3.2320001125335693,398.0,283.0,3.3010001182556152,351.0,285.0,2.5510001182556152,403.0,376.0,2.6050000190734863,341.0,374.0,2.7080001831054688,425.0,454.0,1.6460000276565552,336.0,448.0,1.701000094413757,421.0,464.0,1.5430001020431519,341.0,455.0,1.6510000228881836,0.0,0.0,0.0,0.0,0.0,0.0
399.0,103.0,3.2660002708435054,400.0,96.0,3.337000131607056,401.0,97.0,3.319000244140625,402.0,97.0,3.337000131607056,395.0,95.0,3.374000072479248,392.0,94.0,3.4110002517700195,389.0,94.0,3.4110002517700195,397.0,101.0,3.21500015258789,379.0,96.0,3.337000131607056,397.0,112.0,3.374000072479248,391.0,111.0,3.355000257492065,406.0,153.0,3.2840001583099365,341.0,138.0,2.7080001831054688,416.0,218.0,3.2660002708435054,360.0,155.0,2.421000003814697,433.0,266.0,3.392000198364258,374.0,109.0,3.21500015258789,439.0,282.0,3.374000072479248,378.0,98.0,3.2840001583099365,436.0,282.0,3.374000072479248,377.0,98.0,3.249000072479248,432.0,278.0,3.430000066757202,377.0,103.0,3.21500015258789,398.0,283.0,3.508000135421753,351.0,285.0,2.510000228881836,403.0,376.0,2.6610000133514404,341.0,374.0,2.8060002326965328,425.0,454.0,1.65500009059906,336.0,447.0,1.696000099182129,421.0,464.0,1.5870001316070557,341.0,455.0,1.6380001306533811,0.0,0.0,0.0,327.0,475.0,1.5280001163482666
399.0,103.0,3.355000257492065,400.0,96.0,3.374000072479248,401.0,96.0,3.374000072479248,402.0,97.0,3.355000257492065,395.0,95.0,3.392000198364258,393.0,94.0,3.392000198364258,389.0,93.0,3.430000066757202,397.0,101.0,3.392000198364258,379.0,95.0,3.337000131607056,397.0,112.0,3.2660002708435054,391.0,110.0,3.2660002708435054,406.0,153.0,3.355000257492065,0.0,0.0,0.0,416.0,218.0,3.319000244140625,360.0,156.0,2.3560001850128174,433.0,267.0,3.355000257492065,377.0,111.0,3.2660002708435054,439.0,282.0,3.392000198364258,381.0,100.0,3.1820001602172847,435.0,283.0,3.355000257492065,380.0,99.0,3.199000120162964,431.0,278.0,3.430000066757202,379.0,105.0,3.1820001602172847,398.0,282.0,3.392000198364258,351.0,285.0,2.5200002193450928,403.0,376.0,2.7080001831054688,341.0,374.0,2.638000011444092,425.0,454.0,1.6040000915527344,336.0,448.0,1.724000096321106,421.0,464.0,1.5470000505447388,341.0,456.0,1.6420000791549683,0.0,0.0,0.0,0.0,0.0,0.0
395.0,106.0,3.2660002708435054,398.0,98.0,3.3010001182556152,400.0,99.0,3.2840001583099365,401.0,99.0,3.2840001583099365,391.0,96.0,3.355000257492065,388.0,95.0,3.392000198364258,385.0,95.0,3.392000198364258,398.0,103.0,3.249000072479248,376.0,96.0,3.337000131607056,395.0,115.0,3.2840001583099365,386.0,113.0,3.337000131607056,405.0,155.0,3.449000120162964,340.0,138.0,2.845000028610229,416.0,218.0,3.2660002708435054,366.0,156.0,2.4310002326965328,433.0,268.0,3.355000257492065,404.0,111.0,3.2840001583099365,439.0,283.0,3.430000066757202,411.0,101.0,3.2840001583099365,436.0,283.0,3.430000066757202,409.0,100.0,3.2840001583099365,432.0,279.0,3.355000257492065,407.0,103.0,3.2840001583099365,398.0,283.0,3.150000095367432,351.0,286.0,2.5200002193450928,403.0,376.0,2.616000175476074,341.0,374.0,2.7680001258850098,425.0,454.0,1.6380001306533811,335.0,448.0,1.6910001039505005,421.0,464.0,1.5750000476837158,341.0,456.0,1.6200001239776611,0.0,0.0,0.0,0.0,0.0,0.0
398.0,105.0,3.5890002250671382,399.0,97.0,3.5890002250671382,400.0,97.0,3.5890002250671382,402.0,98.0,3.610000133514404,393.0,95.0,3.610000133514404,389.0,95.0,3.569000244140625,386.0,94.0,3.54800009727478,398.0,102.0,3.6530001163482666,376.0,96.0,3.4110002517700195,397.0,114.0,3.374000072479248,391.0,113.0,3.374000072479248,405.0,154.0,2.189000129699707,343.0,138.0,2.650000095367432,416.0,218.0,3.1820001602172847,374.0,156.0,3.1660001277923584,433.0,266.0,3.392000198364258,435.0,119.0,3.430000066757202,439.0,282.0,3.430000066757202,449.0,109.0,3.392000198364258,435.0,283.0,3.449000120162964,447.0,106.0,3.430000066757202,432.0,278.0,3.355000257492065,443.0,109.0,3.449000120162964,398.0,283.0,3.355000257492065,351.0,286.0,2.5510001182556152,403.0,376.0,2.5830001831054688,341.0,376.0,2.650000095367432,425.0,454.0,1.6080000400543213,335.0,448.0,1.7100000381469727,421.0,463.0,1.555000066757202,340.0,455.0,1.6690000295639038,0.0,0.0,0.0,0.0,0.0,0.0
399.0,105.0,3.319000244140625,399.0,97.0,3.374000072479248,400.0,97.0,3.374000072479248,402.0,98.0,3.355000257492065,394.0,95.0,3.374000072479248,391.0,95.0,3.355000257492065,388.0,94.0,3.355000257492065,397.0,101.0,3.337000131607056,377.0,96.0,3.2660002708435054,398.0,114.0,3.319000244140625,392.0,113.0,3.2320001125335693,407.0,156.0,3.319000244140625,346.0,138.0,2.5510001182556152,416.0,218.0,3.319000244140625,379.0,154.0,3.199000120162964,433.0,266.0,3.337000131607056,461.0,143.0,3.319000244140625,439.0,282.0,3.5280001163482666,474.0,140.0,3.392000198364258,435.0,283.0,3.468000173568725,472.0,137.0,3.4110002517700195,431.0,278.0,3.392000198364258,469.0,138.0,3.430000066757202,398.0,283.0,3.337000131607056,352.0,285.0,2.5510001182556152,403.0,376.0,2.627000093460083,341.0,376.0,2.7680001258850098,425.0,454.0,1.6420000791549683,335.0,447.0,1.696000099182129,421.0,463.0,1.5790001153945923,340.0,454.0,1.6510000228881836,0.0,0.0,0.0,0.0,0.0,0.0
400.0,105.0,3.468000173568725,400.0,97.0,3.355000257492065,401.0,97.0,3.374000072479248,402.0,98.0,3.355000257492065,395.0,95.0,3.2840001583099365,392.0,95.0,3.2320001125335693,389.0,94.0,3.21500015258789,397.0,101.0,3.374000072479248,378.0,96.0,3.319000244140625,398.0,114.0,3.4880001544952393,393.0,113.0,3.468000173568725,407.0,157.0,3.319000244140625,346.0,138.0,2.5510001182556152,414.0,208.0,2.1590001583099365,380.0,168.0,3.1820001602172847,431.0,266.0,3.2660002708435054,459.0,181.0,3.249000072479248,437.0,282.0,3.2320001125335693,473.0,184.0,3.249000072479248,434.0,282.0,3.2320001125335693,474.0,183.0,3.2320001125335693,431.0,277.0,3.21500015258789,471.0,182.0,3.2660002708435054,399.0,283.0,3.355000257492065,352.0,284.0,2.510000228881836,403.0,377.0,2.562000036239624,341.0,375.0,2.7320001125335693,425.0,455.0,1.6460000276565552,335.0,447.0,1.6690000295639038,421.0,465.0,1.5630000829696655,341.0,454.0,1.6330001354217527,0.0,0.0,0.0,0.0,0.0,0.0
400.0,105.0,3.21500015258789,400.0,97.0,3.2660002708435054,401.0,98.0,3.2660002708435054,402.0,98.0,3.3010001182556152,396.0,95.0,3.3010001182556152,393.0,95.0,3.319000244140625,390.0,94.0,3.4110002517700195,397.0,101.0,3.1660001277923584,378.0,95.0,3.4110002517700195,398.0,113.0,3.337000131607056,393.0,112.0,3.337000131607056,406.0,156.0,3.21500015258789,347.0,137.0,2.5200002193450928,417.0,203.0,3.355000257492065,385.0,172.0,3.1020002365112305,431.0,265.0,3.2840001583099365,455.0,197.0,3.2840001583099365,436.0,282.0,3.4110002517700195,468.0,204.0,3.249000072479248,433.0,281.0,3.4880001544952393,470.0,204.0,3.249000072479248,431.0,276.0,3.430000066757202,467.0,202.0,3.199000120162964,399.0,283.0,3.3010001182556152,352.0,284.0,2.510000228881836,403.0,377.0,2.5510001182556152,341.0,375.0,2.6840000152587886,425.0,455.0,1.599000096321106,336.0,447.0,1.7050000429153442,421.0,465.0,1.555000066757202,341.0,454.0,1.6600000858306885,0.0,0.0,0.0,328.0,475.0,1.5510001182556152
399.0,104.0,3.355000257492065,400.0,97.0,3.2840001583099365,401.0,98.0,3.3010001182556152,402.0,98.0,3.3010001182556152,396.0,95.0,3.2840001583099365,393.0,94.0,3.319000244140625,389.0,93.0,3.3010001182556152,397.0,101.0,3.2840001583099365,378.0,95.0,3.1820001602172847,397.0,112.0,3.355000257492065,392.0,111.0,3.392000198364258,404.0,153.0,3.374000072479248,345.0,137.0,2.572000026702881,416.0,206.0,3.2840001583099365,378.0,177.0,3.0260002613067623,427.0,264.0,3.3010001182556152,446.0,209.0,3.1660001277923584,432.0,284.0,3.3010001182556152,455.0,214.0,3.319000244140625,429.0,283.0,3.3010001182556152,457.0,214.0,3.319000244140625,427.0,276.0,3.2660002708435054,453.0,212.0,3.2660002708435054,398.0,283.0,3.1660001277923584,351.0,283.0,2.510000228881836,403.0,378.0,2.4790000915527344,340.0,375.0,2.6840000152587886,424.0,453.0,1.6250001192092896,335.0,448.0,1.7200000286102295,420.0,463.0,1.571000099182129,341.0,455.0,1.65500009059906,0.0,0.0,0.0,0.0,0.0,0.0
400.0,105.0,3.468000173568725,401.0,97.0,3.319000244140625,402.0,98.0,3.319000244140625,402.0,98.0,3.319000244140625,396.0,95.0,3.337000131607056,394.0,95.0,3.355000257492065,390.0,94.0,3.337000131607056,397.0,101.0,3.508000135421753,379.0,95.0,3.319000244140625,398.0,113.0,3.392000198364258,393.0,112.0,3.374000072479248,405.0,156.0,3.374000072479248,347.0,137.0,2.510000228881836,417.0,204.0,3.337000131607056,384.0,175.0,3.118000030517578,430.0,262.0,3.2320001125335693,453.0,200.0,3.2660002708435054,435.0,278.0,3.3010001182556152,465.0,207.0,3.199000120162964,433.0,278.0,3.2840001583099365,466.0,207.0,3.199000120162964,430.0,274.0,3.3010001182556152,464.0,205.0,3.1820001602172847,399.0,283.0,3.319000244140625,352.0,284.0,2.510000228881836,403.0,378.0,2.5410001277923584,341.0,375.0,2.7320001125335693,425.0,455.0,1.6730000972747803,336.0,447.0,1.7050000429153442,421.0,464.0,1.5870001316070557,342.0,454.0,1.6460000276565552,0.0,0.0,0.0,0.0,0.0,0.0
401.0,105.0,3.4110002517700195,401.0,97.0,3.374000072479248,402.0,98.0,3.355000257492065,402.0,98.0,3.355000257492065,396.0,95.0,3.430000066757202,394.0,95.0,3.449000120162964,390.0,94.0,3.569000244140625,397.0,101.0,3.392000198364258,379.0,95.0,3.4110002517700195,398.0,113.0,3.355000257492065,393.0,112.0,3.355000257492065,405.0,155.0,3.150000095367432,346.0,137.0,2.5300002098083496,415.0,204.0,3.0560002326965328,381.0,173.0,3.0560002326965328,429.0,263.0,3.374000072479248,454.0,189.0,3.355000257492065,435.0,281.0,3.150000095367432,467.0,191.0,3.3010001182556152,433.0,280.0,3.1660001277923584,469.0,189.0,3.3010001182556152,429.0,275.0,3.355000257492065,465.0,188.0,3.3010001182556152,399.0,283.0,3.2660002708435054,352.0,284.0,2.5200002193450928,403.0,378.0,2.5510001182556152,341.0,374.0,2.7560000419616695,425.0,455.0,1.6250001192092896,336.0,447.0,1.7050000429153442,421.0,464.0,1.5470000505447388,342.0,454.0,1.6640000343322752,0.0,0.0,0.0,328.0,475.0,1.5630000829696655
400.0,105.0,3.449000120162964,401.0,97.0,3.355000257492065,401.0,98.0,3.392000198364258,402.0,98.0,3.392000198364258,396.0,95.0,3.2840001583099365,393.0,95.0,3.3010001182556152,390.0,94.0,3.3010001182556152,397.0,101.0,3.430000066757202,378.0,95.0,3.4880001544952393,398.0,113.0,3.392000198364258,393.0,112.0,3.374000072479248,406.0,155.0,3.3010001182556152,345.0,137.0,2.562000036239624,414.0,213.0,3.2840001583099365,377.0,168.0,2.968000173568725,429.0,264.0,3.21500015258789,456.0,158.0,3.134000062942505,435.0,282.0,3.21500015258789,470.0,155.0,3.1820001602172847,432.0,281.0,3.2660002708435054,470.0,152.0,3.2660002708435054,429.0,276.0,3.355000257492065,466.0,153.0,3.2840001583099365,399.0,283.0,3.21500015258789,352.0,284.0,2.5410001277923584,403.0,378.0,2.5510001182556152,341.0,375.0,2.7680001258850098,425.0,455.0,1.6420000791549683,336.0,445.0,1.715000033378601,421.0,464.0,1.555000066757202,342.0,452.0,1.6820000410079956,0.0,0.0,0.0,0.0,0.0,0.0
400.0,105.0,3.3010001182556152,400.0,97.0,3.21500015258789,401.0,97.0,3.21500015258789,402.0,98.0,3.21500015258789,395.0,95.0,3.199000120162964,392.0,95.0,3.1820001602172847,389.0,94.0,3.199000120162964,397.0,101.0,3.21500015258789,378.0,95.0,3.3010001182556152,397.0,113.0,3.355000257492065,392.0,112.0,3.392000198364258,406.0,155.0,2.4790000915527344,345.0,137.0,2.562000036239624,414.0,217.0,3.374000072479248,377.0,151.0,3.0260002613067623,430.0,265.0,3.199000120162964,450.0,129.0,3.1660001277923584,436.0,282.0,3.355000257492065,462.0,121.0,3.1820001602172847,433.0,282.0,3.337000131607056,461.0,118.0,3.2660002708435054,429.0,276.0,3.337000131607056,457.0,120.0,3.21500015258789,399.0,283.0,3.337000131607056,352.0,284.0,2.5410001277923584,403.0,378.0,2.5300002098083496,341.0,375.0,2.819000244140625,425.0,455.0,1.6250001192092896,336.0,445.0,1.7390000820159912,421.0,464.0,1.559000015258789,342.0,452.0,1.6730000972747803,0.0,0.0,0.0,328.0,475.0,1.599000096321106
398.0,104.0,3.199000120162964,399.0,97.0,3.1820001602172847,401.0,97.0,3.199000120162964,402.0,98.0,3.21500015258789,393.0,95.0,3.2320001125335693,390.0,94.0,3.2660002708435054,387.0,94.0,3.2660002708435054,399.0,101.0,3.1820001602172847,376.0,96.0,3.392000198364258,398.0,113.0,3.2840001583099365,392.0,112.0,3.3010001182556152,405.0,155.0,3.355000257492065,344.0,137.0,2.638000011444092,415.0,216.0,3.2660002708435054,375.0,149.0,2.4310002326965328,432.0,264.0,3.319000244140625,417.0,102.0,3.4110002517700195,438.0,282.0,3.2660002708435054,425.0,94.0,3.2660002708435054,435.0,282.0,3.21500015258789,422.0,94.0,3.3010001182556152,431.0,276.0,3.3010001182556152,420.0,97.0,3.374000072479248,398.0,283.0,3.337000131607056,352.0,285.0,2.5300002098083496,403.0,377.0,2.499000072479248,341.0,375.0,2.6050000190734863,425.0,455.0,1.6040000915527344,336.0,447.0,1.6780000925064087,421.0,464.0,1.5670000314712524,342.0,454.0,1.6780000925064087,0.0,0.0,0.0,328.0,475.0,1.5430001020431519
395.0,105.0,3.7190001010894775,397.0,98.0,3.54800009727478,399.0,98.0,3.54800009727478,400.0,99.0,3.569000244140625,390.0,96.0,3.430000066757202,388.0,95.0,3.4110002517700195,385.0,94.0,3.355000257492065,397.0,102.0,3.6750001907348633,377.0,97.0,3.150000095367432,395.0,115.0,3.3010001182556152,385.0,113.0,3.319000244140625,405.0,155.0,3.1820001602172847,342.0,137.0,2.7680001258850098,416.0,216.0,3.2840001583099365,362.0,152.0,2.365000009536743,433.0,266.0,3.2320001125335693,382.0,110.0,3.337000131607056,439.0,282.0,3.3010001182556152,388.0,102.0,3.5280001163482666,436.0,282.0,3.2840001583099365,385.0,99.0,3.337000131607056,432.0,277.0,3.2840001583099365,384.0,105.0,3.355000257492065,398.0,283.0,3.199000120162964,351.0,285.0,2.510000228881836,403.0,377.0,2.499000072479248,341.0,375.0,2.6840000152587886,425.0,454.0,1.6080000400543213,336.0,447.0,1.7200000286102295,421.0,464.0,1.5670000314712524,342.0,454.0,1.6460000276565552,0.0,0.0,0.0,327.0,475.0,1.5280001163482666
399.0,103.0,3.449000120162964,400.0,96.0,3.3010001182556152,400.0,97.0,3.319000244140625,401.0,97.0,3.319000244140625,395.0,95.0,3.3010001182556152,392.0,94.0,3.2660002708435054,389.0,94.0,3.2660002708435054,397.0,101.0,3.4110002517700195,379.0,96.0,3.337000131607056,397.0,112.0,3.3010001182556152,391.0,111.0,3.2660002708435054,406.0,154.0,3.1660001277923584,342.0,138.0,2.5300002098083496,416.0,218.0,3.2660002708435054,354.0,152.0,2.374000072479248,433.0,267.0,3.319000244140625,371.0,114.0,3.374000072479248,439.0,283.0,3.21500015258789,376.0,105.0,3.337000131607056,436.0,283.0,3.21500015258789,379.0,104.0,3.355000257492065,431.0,278.0,3.2660002708435054,375.0,110.0,3.374000072479248,398.0,282.0,3.2840001583099365,351.0,284.0,2.5200002193450928,403.0,376.0,2.562000036239624,341.0,374.0,2.7440001964569087,425.0,455.0,1.6200001239776611,336.0,448.0,1.7050000429153442,421.0,464.0,1.5430001020431519,342.0,455.0,1.6160000562667847,0.0,0.0,0.0,0.0,0.0,0.0
400.0,104.0,3.449000120162964,401.0,96.0,3.449000120162964,402.0,97.0,3.449000120162964,403.0,97.0,3.449000120162964,397.0,95.0,3.449000120162964,394.0,95.0,3.468000173568725,391.0,94.0,3.449000120162964,397.0,101.0,3.4880001544952393,380.0,96.0,3.249000072479248,399.0,112.0,3.319000244140625,393.0,111.0,3.337000131607056,407.0,153.0,3.569000244140625,342.0,137.0,2.7930002212524414,416.0,218.0,3.3010001182556152,355.0,150.0,2.402000188827514,433.0,267.0,3.2320001125335693,375.0,109.0,3.21500015258789,439.0,283.0,3.118000030517578,378.0,99.0,3.1660001277923584,435.0,283.0,3.150000095367432,376.0,100.0,3.1820001602172847,431.0,279.0,3.392000198364258,375.0,105.0,3.21500015258789,398.0,281.0,3.150000095367432,352.0,283.0,2.510000228881836,403.0,376.0,2.5410001277923584,341.0,373.0,2.858000040054321,425.0,454.0,1.6250001192092896,336.0,447.0,1.7200000286102295,421.0,464.0,1.5670000314712524,342.0,455.0,1.6690000295639038,0.0,0.0,0.0,327.0,475.0,1.5360000133514404
393.0,104.0,3.355000257492065,396.0,97.0,3.355000257492065,398.0,98.0,3.355000257492065,399.0,98.0,3.355000257492065,390.0,96.0,3.2840001583099365,387.0,95.0,3.249000072479248,384.0,95.0,3.21500015258789,396.0,102.0,3.374000072479248,378.0,97.0,3.1820001602172847,393.0,113.0,3.199000120162964,384.0,111.0,3.134000062942505,405.0,153.0,3.2660002708435054,341.0,137.0,2.885000228881836,416.0,217.0,3.2840001583099365,360.0,152.0,2.4310002326965328,433.0,267.0,3.3010001182556152,378.0,113.0,3.21500015258789,438.0,282.0,3.319000244140625,380.0,102.0,3.1660001277923584,435.0,283.0,3.337000131607056,382.0,102.0,3.1660001277923584,431.0,278.0,3.319000244140625,379.0,108.0,3.21500015258789,398.0,281.0,3.2320001125335693,352.0,284.0,2.5200002193450928,403.0,376.0,2.5510001182556152,341.0,373.0,2.6840000152587886,424.0,454.0,1.6080000400543213,336.0,448.0,1.6820000410079956,421.0,463.0,1.5630000829696655,342.0,456.0,1.6080000400543213,0.0,0.0,0.0,0.0,0.0,0.0
394.0,107.0,3.3010001182556152,396.0,99.0,3.355000257492065,398.0,100.0,3.392000198364258,399.0,101.0,3.392000198364258,389.0,97.0,3.2660002708435054,386.0,96.0,3.2840001583099365,383.0,95.0,3.319000244140625,397.0,104.0,3.337000131607056,376.0,97.0,3.337000131607056,393.0,116.0,3.319000244140625,384.0,114.0,3.337000131607056,404.0,154.0,3.199000120162964,341.0,137.0,2.9120001792907715,416.0,214.0,3.2840001583099365,374.0,152.0,2.489000082015991,433.0,266.0,3.2840001583099365,418.0,104.0,3.2660002708435054,438.0,282.0,3.374000072479248,426.0,96.0,3.508000135421753,435.0,282.0,3.374000072479248,422.0,96.0,3.449000120162964,431.0,278.0,3.374000072479248,420.0,100.0,3.374000072479248,398.0,282.0,3.071000099182129,351.0,286.0,2.5300002098083496,403.0,376.0,2.562000036239624,341.0,375.0,2.650000095367432,424.0,454.0,1.6380001306533811,336.0,448.0,1.6820000410079956,421.0,463.0,1.5670000314712524,341.0,456.0,1.6160000562667847,0.0,0.0,0.0,0.0,0.0,0.0
399.0,104.0,3.319000244140625,400.0,97.0,3.374000072479248,401.0,98.0,3.355000257492065,402.0,98.0,3.337000131607056,396.0,95.0,3.337000131607056,393.0,94.0,3.2840001583099365,390.0,93.0,3.2320001125335693,397.0,101.0,3.374000072479248,379.0,95.0,3.2320001125335693,397.0,112.0,3.21500015258789,392.0,111.0,3.199000120162964,406.0,153.0,3.249000072479248,345.0,137.0,2.5830001831054688,414.0,207.0,3.337000131607056,375.0,175.0,2.8320000171661377,428.0,264.0,3.249000072479248,450.0,184.0,3.508000135421753,433.0,283.0,3.2840001583099365,462.0,185.0,3.54800009727478,431.0,282.0,3.2840001583099365,464.0,182.0,3.430000066757202,428.0,276.0,3.319000244140625,460.0,182.0,3.4880001544952393,399.0,283.0,3.1820001602172847,352.0,283.0,2.499000072479248,403.0,378.0,2.67300009727478,340.0,374.0,2.7320001125335693,424.0,454.0,1.6420000791549683,335.0,447.0,1.6690000295639038,421.0,463.0,1.5630000829696655,341.0,454.0,1.6380001306533811,0.0,0.0,0.0,327.0,475.0,1.5510001182556152
399.0,105.0,3.374000072479248,398.0,97.0,3.430000066757202,399.0,98.0,3.4110002517700195,400.0,98.0,3.392000198364258,393.0,96.0,3.449000120162964,390.0,95.0,3.4110002517700195,387.0,95.0,3.374000072479248,397.0,101.0,3.430000066757202,377.0,97.0,3.2840001583099365,397.0,114.0,3.374000072479248,392.0,113.0,3.355000257492065,404.0,155.0,3.1660001277923584,345.0,138.0,2.5410001277923584,415.0,217.0,3.21500015258789,380.0,144.0,3.134000062942505,433.0,266.0,3.199000120162964,455.0,126.0,3.2320001125335693,438.0,282.0,3.468000173568725,467.0,118.0,3.468000173568725,435.0,282.0,3.4880001544952393,465.0,115.0,3.430000066757202,431.0,277.0,3.4110002517700195,462.0,117.0,3.449000120162964,398.0,282.0,3.118000030517578,352.0,285.0,2.5410001277923584,403.0,377.0,2.5200002193450928,341.0,376.0,2.7560000419616695,424.0,453.0,1.6600000858306885,335.0,448.0,1.749000072479248,421.0,463.0,1.540000081062317,340.0,456.0,1.6640000343322752,0.0,0.0,0.0,0.0,0.0,0.0
399.0,104.0,3.3010001182556152,399.0,97.0,3.355000257492065,400.0,97.0,3.374000072479248,401.0,97.0,3.374000072479248,394.0,95.0,3.2840001583099365,391.0,95.0,3.3010001182556152,388.0,94.0,3.3010001182556152,397.0,101.0,3.2840001583099365,377.0,96.0,3.374000072479248,397.0,113.0,3.355000257492065,392.0,113.0,3.355000257492065,406.0,157.0,3.4110002517700195,346.0,138.0,2.5300002098083496,415.0,217.0,3.2840001583099365,383.0,152.0,3.374000072479248,432.0,266.0,3.319000244140625,467.0,158.0,3.3010001182556152,438.0,282.0,3.199000120162964,479.0,156.0,3.337000131607056,435.0,282.0,3.199000120162964,478.0,153.0,3.374000072479248,431.0,277.0,3.355000257492065,475.0,153.0,3.355000257492065,398.0,283.0,3.374000072479248,353.0,285.0,2.5200002193450928,403.0,377.0,2.562000036239624,341.0,376.0,2.7320001125335693,424.0,454.0,1.6420000791549683,335.0,448.0,1.701000094413757,421.0,463.0,1.5750000476837158,341.0,456.0,1.6460000276565552,0.0,0.0,0.0,0.0,0.0,0.0
399.0,104.0,3.319000244140625,399.0,97.0,3.319000244140625,400.0,97.0,3.3010001182556152,401.0,98.0,3.2840001583099365,394.0,95.0,3.392000198364258,391.0,95.0,3.4110002517700195,388.0,94.0,3.430000066757202,397.0,101.0,3.2840001583099365,377.0,96.0,3.319000244140625,397.0,113.0,3.2320001125335693,392.0,112.0,3.249000072479248,406.0,157.0,3.2660002708435054,346.0,138.0,2.510000228881836,416.0,206.0,2.174000024795532,381.0,166.0,3.1020002365112305,432.0,266.0,3.319000244140625,459.0,184.0,3.392000198364258,438.0,282.0,3.1660001277923584,473.0,187.0,3.392000198364258,435.0,282.0,3.1820001602172847,474.0,187.0,3.392000198364258,431.0,277.0,3.2320001125335693,470.0,186.0,3.430000066757202,399.0,283.0,3.374000072479248,353.0,284.0,2.5300002098083496,403.0,378.0,2.499000072479248,341.0,376.0,2.696000099182129,424.0,454.0,1.6690000295639038,335.0,448.0,1.7050000429153442,421.0,463.0,1.5790001153945923,340.0,456.0,1.6420000791549683,0.0,0.0,0.0,0.0,0.0,0.0
399.0,104.0,3.319000244140625,400.0,97.0,3.355000257492065,400.0,97.0,3.355000257492065,401.0,98.0,3.355000257492065,395.0,95.0,3.374000072479248,392.0,94.0,3.392000198364258,388.0,94.0,3.392000198364258,397.0,101.0,3.337000131607056,377.0,96.0,3.249000072479248,397.0,113.0,3.199000120162964,392.0,112.0,3.21500015258789,405.0,157.0,3.21500015258789,347.0,138.0,2.510000228881836,418.0,206.0,3.337000131607056,389.0,173.0,3.2320001125335693,431.0,263.0,3.199000120162964,455.0,202.0,3.430000066757202,436.0,282.0,3.2660002708435054,467.0,208.0,3.374000072479248,434.0,282.0,3.2660002708435054,468.0,207.0,3.374000072479248,431.0,275.0,3.355000257492065,465.0,205.0,3.374000072479248,399.0,283.0,3.2320001125335693,353.0,284.0,2.5510001182556152,403.0,378.0,2.450000047683716,341.0,376.0,2.67300009727478,425.0,454.0,1.6160000562667847,335.0,448.0,1.6820000410079956,421.0,463.0,1.555000066757202,340.0,456.0,1.65500009059906,0.0,0.0,0.0,0.0,0.0,0.0
399.0,104.0,3.337000131607056,400.0,97.0,3.2840001583099365,401.0,97.0,3.2840001583099365,401.0,98.0,3.2840001583099365,395.0,95.0,3.2840001583099365,392.0,94.0,3.3010001182556152,389.0,94.0,3.319000244140625,397.0,101.0,3.2840001583099365,378.0,96.0,3.337000131607056,397.0,113.0,3.355000257492065,392.0,112.0,3.355000257492065,403.0,157.0,3.319000244140625,347.0,138.0,2.5410001277923584,417.0,207.0,3.249000072479248,388.0,177.0,3.21500015258789,429.0,260.0,3.355000257492065,454.0,202.0,3.249000072479248,434.0,281.0,3.355000257492065,466.0,207.0,3.3010001182556152,433.0,279.0,3.355000257492065,467.0,207.0,3.319000244140625,430.0,272.0,3.468000173568725,464.0,206.0,3.3010001182556152,399.0,283.0,3.1820001602172847,353.0,284.0,2.5200002193450928,403.0,378.0,2.499000072479248,341.0,376.0,2.6840000152587886,424.0,453.0,1.6200001239776611,335.0,446.0,1.696000099182129,421.0,462.0,1.5750000476837158,341.0,454.0,1.6460000276565552,0.0,0.0,0.0,327.0,475.0,1.555000066757202
400.0,104.0,3.430000066757202,400.0,97.0,3.374000072479248,401.0,98.0,3.392000198364258,401.0,98.0,3.392000198364258,395.0,95.0,3.374000072479248,393.0,95.0,3.374000072479248,389.0,94.0,3.374000072479248,397.0,101.0,3.449000120162964,378.0,95.0,3.337000131607056,397.0,113.0,3.319000244140625,392.0,112.0,3.355000257492065,404.0,155.0,3.337000131607056,346.0,137.0,2.5300002098083496,415.0,206.0,3.319000244140625,380.0,171.0,3.118000030517578,429.0,263.0,3.337000131607056,455.0,188.0,3.2660002708435054,434.0,282.0,3.2320001125335693,468.0,189.0,3.319000244140625,433.0,281.0,3.249000072479248,469.0,187.0,3.3010001182556152,429.0,275.0,3.2840001583099365,466.0,187.0,3.3010001182556152,399.0,283.0,3.2840001583099365,353.0,284.0,2.510000228881836,403.0,378.0,2.562000036239624,341.0,376.0,2.819000244140625,425.0,453.0,1.65500009059906,335.0,446.0,1.7100000381469727,421.0,463.0,1.5750000476837158,341.0,454.0,1.6730000972747803,0.0,0.0,0.0,0.0,0.0,0.0
400.0,104.0,3.319000244140625,400.0,97.0,3.430000066757202,401.0,98.0,3.430000066757202,402.0,98.0,3.449000120162964,396.0,95.0,3.4110002517700195,393.0,95.0,3.374000072479248,390.0,94.0,3.355000257492065,397.0,101.0,3.374000072479248,378.0,96.0,3.134000062942505,398.0,113.0,3.150000095367432,393.0,112.0,3.1820001602172847,407.0,156.0,2.174000024795532,346.0,137.0,2.5300002098083496,414.0,216.0,3.337000131607056,377.0,152.0,3.319000244140625,429.0,265.0,3.249000072479248,456.0,145.0,3.2660002708435054,435.0,283.0,3.087000131607056,470.0,140.0,3.319000244140625,433.0,282.0,3.118000030517578,470.0,137.0,3.2840001583099365,430.0,277.0,3.2840001583099365,466.0,138.0,3.337000131607056,399.0,284.0,3.2660002708435054,353.0,284.0,2.5410001277923584,403.0,378.0,2.5200002193450928,341.0,376.0,2.720000028610229,424.0,453.0,1.65500009059906,335.0,448.0,1.687000036239624,421.0,463.0,1.5750000476837158,340.0,456.0,1.6380001306533811,0.0,0.0,0.0,0.0,0.0,0.0
400.0,104.0,3.2320001125335693,400.0,97.0,3.508000135421753,401.0,97.0,3.4880001544952393,402.0,97.0,3.468000173568725,396.0,95.0,3.6750001907348633,393.0,94.0,3.7420001029968257,389.0,94.0,3.7420001029968257,397.0,101.0,3.337000131607056,378.0,96.0,3.468000173568725,398.0,113.0,3.392000198364258,393.0,112.0,3.337000131607056,407.0,155.0,3.150000095367432,346.0,137.0,2.572000026702881,415.0,217.0,3.199000120162964,376.0,152.0,2.450000047683716,432.0,264.0,3.468000173568725,437.0,122.0,3.468000173568725,438.0,282.0,3.319000244140625,452.0,112.0,3.319000244140625,434.0,282.0,3.355000257492065,449.0,110.0,3.319000244140625,431.0,277.0,3.337000131607056,445.0,113.0,3.319000244140625,399.0,283.0,3.2840001583099365,353.0,284.0,2.5200002193450928,403.0,378.0,2.469000101089477,341.0,376.0,2.7320001125335693,424.0,453.0,1.6380001306533811,335.0,446.0,1.7640000581741333,421.0,463.0,1.5670000314712524,341.0,453.0,1.6730000972747803,0.0,0.0,0.0,0.0,0.0,0.0
397.0,104.0,3.374000072479248,399.0,97.0,3.468000173568725,400.0,97.0,3.468000173568725,402.0,98.0,3.468000173568725,393.0,95.0,3.392000198364258,390.0,95.0,3.374000072479248,386.0,94.0,3.355000257492065,399.0,101.0,3.508000135421753,376.0,96.0,3.610000133514404,398.0,113.0,3.21500015258789,390.0,112.0,3.21500015258789,407.0,154.0,3.2660002708435054,345.0,138.0,2.616000175476074,415.0,216.0,3.374000072479248,375.0,151.0,2.3930001258850098,433.0,265.0,3.319000244140625,419.0,100.0,3.4110002517700195,440.0,282.0,3.3010001182556152,426.0,92.0,3.249000072479248,436.0,282.0,3.355000257492065,424.0,92.0,3.249000072479248,432.0,276.0,3.355000257492065,422.0,94.0,3.3010001182556152,398.0,283.0,3.374000072479248,352.0,286.0,2.562000036239624,403.0,378.0,2.469000101089477,341.0,376.0,2.6840000152587886,424.0,453.0,1.6290000677108765,335.0,446.0,1.7390000820159912,421.0,463.0,1.5830000638961792,341.0,454.0,1.6730000972747803,0.0,0.0,0.0,0.0,0.0,0.0
395.0,104.0,3.430000066757202,397.0,97.0,3.4110002517700195,398.0,98.0,3.449000120162964,399.0,98.0,3.449000120162964,390.0,96.0,3.2840001583099365,388.0,95.0,3.249000072479248,385.0,95.0,3.249000072479248,396.0,102.0,3.4880001544952393,377.0,97.0,3.2840001583099365,394.0,113.0,3.1820001602172847,385.0,111.0,3.374000072479248,405.0,154.0,3.1660001277923584,342.0,137.0,2.781000137329101,415.0,216.0,3.319000244140625,362.0,152.0,2.384000062942505,433.0,266.0,3.21500015258789,380.0,108.0,3.449000120162964,440.0,282.0,3.2840001583099365,383.0,101.0,3.4110002517700195,436.0,282.0,3.249000072479248,381.0,101.0,3.374000072479248,432.0,278.0,3.1660001277923584,381.0,105.0,3.468000173568725,398.0,282.0,3.21500015258789,352.0,285.0,2.5200002193450928,403.0,377.0,2.469000101089477,341.0,376.0,2.6610000133514404,424.0,453.0,1.6380001306533811,335.0,448.0,1.687000036239624,421.0,463.0,1.571000099182129,341.0,455.0,1.6600000858306885,0.0,0.0,0.0,0.0,0.0,0.0
400.0,104.0,3.3010001182556152,400.0,97.0,3.4110002517700195,401.0,97.0,3.430000066757202,402.0,98.0,3.4110002517700195,396.0,95.0,3.4110002517700195,393.0,94.0,3.4110002517700195,390.0,93.0,3.430000066757202,397.0,101.0,3.337000131607056,379.0,95.0,3.2660002708435054,398.0,112.0,3.430000066757202,393.0,111.0,3.392000198364258,409.0,155.0,3.134000062942505,345.0,137.0,2.6050000190734863,416.0,217.0,3.249000072479248,373.0,164.0,2.312000036239624,431.0,265.0,3.2840001583099365,442.0,137.0,3.4880001544952393,437.0,283.0,3.1820001602172847,456.0,131.0,3.355000257492065,433.0,282.0,3.199000120162964,454.0,127.0,3.2840001583099365,430.0,277.0,3.2840001583099365,450.0,129.0,3.392000198364258,399.0,283.0,3.2840001583099365,352.0,283.0,2.5200002193450928,403.0,377.0,2.6610000133514404,340.0,374.0,2.781000137329101,424.0,454.0,1.6380001306533811,335.0,447.0,1.6910001039505005,421.0,463.0,1.5670000314712524,341.0,454.0,1.6780000925064087,0.0,0.0,0.0,327.0,475.0,1.5470000505447388
398.0,103.0,3.337000131607056,399.0,96.0,3.468000173568725,400.0,97.0,3.449000120162964,401.0,97.0,3.449000120162964,395.0,95.0,3.4880001544952393,392.0,94.0,3.4880001544952393,389.0,94.0,3.449000120162964,397.0,101.0,3.355000257492065,379.0,95.0,3.3010001182556152,396.0,112.0,3.355000257492065,389.0,110.0,3.319000244140625,406.0,153.0,3.355000257492065,342.0,137.0,2.8060002326965328,416.0,216.0,3.2660002708435054,359.0,153.0,2.374000072479248,433.0,266.0,3.199000120162964,377.0,110.0,3.355000257492065,439.0,282.0,3.337000131607056,378.0,101.0,3.2840001583099365,436.0,282.0,3.355000257492065,380.0,99.0,3.3010001182556152,432.0,278.0,3.355000257492065,379.0,105.0,3.3010001182556152,398.0,281.0,3.087000131607056,352.0,284.0,2.510000228881836,403.0,376.0,2.594000101089477,341.0,376.0,2.720000028610229,424.0,454.0,1.6290000677108765,335.0,448.0,1.7050000429153442,421.0,463.0,1.571000099182129,341.0,456.0,1.6330001354217527,0.0,0.0,0.0,0.0,0.0,0.0
399.0,102.0,3.5280001163482666,400.0,95.0,3.508000135421753,401.0,96.0,3.508000135421753,402.0,96.0,3.5280001163482666,395.0,94.0,3.4880001544952393,392.0,93.0,3.4880001544952393,389.0,93.0,3.468000173568725,397.0,100.0,3.4880001544952393,379.0,94.0,3.449000120162964,397.0,111.0,3.392000198364258,390.0,109.0,3.319000244140625,406.0,153.0,3.430000066757202,341.0,137.0,2.7930002212524414,416.0,216.0,3.4880001544952393,360.0,153.0,2.384000062942505,432.0,266.0,3.319000244140625,380.0,113.0,3.2660002708435054,439.0,282.0,3.2320001125335693,384.0,102.0,3.355000257492065,435.0,282.0,3.21500015258789,382.0,101.0,3.4110002517700195,431.0,277.0,3.3010001182556152,382.0,107.0,3.21500015258789,398.0,281.0,3.150000095367432,352.0,284.0,2.5200002193450928,403.0,376.0,2.5200002193450928,341.0,375.0,2.819000244140625,424.0,454.0,1.6330001354217527,335.0,448.0,1.7100000381469727,421.0,463.0,1.5750000476837158,341.0,456.0,1.6200001239776611,0.0,0.0,0.0,0.0,0.0,0.0
391.0,105.0,3.3010001182556152,395.0,98.0,3.337000131607056,396.0,99.0,3.337000131607056,398.0,99.0,3.374000072479248,388.0,96.0,3.2320001125335693,385.0,96.0,3.21500015258789,383.0,95.0,3.21500015258789,396.0,103.0,3.319000244140625,377.0,96.0,3.1820001602172847,391.0,114.0,3.319000244140625,382.0,112.0,3.3010001182556152,405.0,153.0,3.21500015258789,0.0,0.0,0.0,415.0,215.0,3.449000120162964,363.0,154.0,2.469000101089477,432.0,265.0,3.5280001163482666,391.0,116.0,3.319000244140625,439.0,282.0,3.2660002708435054,402.0,107.0,3.2840001583099365,435.0,282.0,3.2660002708435054,397.0,106.0,3.3010001182556152,431.0,277.0,3.319000244140625,397.0,111.0,3.337000131607056,398.0,281.0,3.249000072479248,352.0,285.0,2.5300002098083496,403.0,377.0,2.594000101089477,341.0,376.0,2.7560000419616695,424.0,454.0,1.6510000228881836,335.0,447.0,1.7100000381469727,421.0,463.0,1.571000099182129,341.0,455.0,1.6730000972747803,0.0,0.0,0.0,0.0,0.0,0.0
397.0,105.0,3.355000257492065,398.0,98.0,3.468000173568725,399.0,98.0,3.449000120162964,401.0,99.0,3.430000066757202,392.0,96.0,3.5280001163482666,389.0,96.0,3.4110002517700195,386.0,95.0,3.319000244140625,399.0,102.0,3.355000257492065,377.0,96.0,3.21500015258789,398.0,114.0,3.319000244140625,391.0,112.0,3.337000131607056,405.0,154.0,2.261000156402588,343.0,137.0,2.67300009727478,415.0,215.0,3.249000072479248,376.0,153.0,3.134000062942505,432.0,264.0,3.4110002517700195,434.0,108.0,3.2840001583099365,439.0,282.0,3.355000257492065,448.0,98.0,3.4880001544952393,435.0,282.0,3.337000131607056,444.0,97.0,3.5280001163482666,431.0,276.0,3.449000120162964,440.0,100.0,3.374000072479248,398.0,282.0,3.150000095367432,352.0,286.0,2.5200002193450928,404.0,377.0,2.6050000190734863,341.0,377.0,2.627000093460083,424.0,454.0,1.6380001306533811,335.0,449.0,1.701000094413757,421.0,463.0,1.5750000476837158,340.0,457.0,1.6330001354217527,0.0,0.0,0.0,0.0,0.0,0.0
400.0,105.0,3.4110002517700195,400.0,97.0,3.468000173568725,401.0,98.0,3.508000135421753,402.0,98.0,3.508000135421753,395.0,96.0,3.392000198364258,392.0,95.0,3.374000072479248,389.0,95.0,3.374000072479248,398.0,101.0,3.468000173568725,378.0,96.0,3.430000066757202,398.0,113.0,3.392000198364258,393.0,112.0,3.374000072479248,405.0,154.0,3.2660002708435054,346.0,137.0,2.6050000190734863,415.0,216.0,3.355000257492065,381.0,148.0,3.54800009727478,432.0,264.0,3.249000072479248,456.0,129.0,3.199000120162964,439.0,282.0,3.2840001583099365,468.0,123.0,3.2840001583099365,435.0,281.0,3.3010001182556152,466.0,120.0,3.2840001583099365,431.0,276.0,3.374000072479248,464.0,121.0,3.3010001182556152,398.0,282.0,3.249000072479248,352.0,285.0,2.510000228881836,404.0,378.0,2.562000036239624,341.0,377.0,2.696000099182129,424.0,454.0,1.6460000276565552,335.0,449.0,1.701000094413757,421.0,463.0,1.5830000638961792,340.0,457.0,1.6330001354217527,0.0,0.0,0.0,0.0,0.0,0.0
400.0,105.0,3.150000095367432,400.0,97.0,3.319000244140625,401.0,98.0,3.2840001583099365,402.0,98.0,3.2840001583099365,396.0,96.0,3.337000131607056,393.0,95.0,3.337000131607056,390.0,95.0,3.2840001583099365,398.0,101.0,3.21500015258789,379.0,96.0,3.21500015258789,398.0,113.0,3.249000072479248,393.0,112.0,3.21500015258789,407.0,157.0,3.249000072479248,347.0,137.0,2.499000072479248,414.0,211.0,3.2840001583099365,382.0,160.0,3.3010001182556152,431.0,265.0,3.2660002708435054,465.0,171.0,3.337000131607056,437.0,282.0,3.3010001182556152,478.0,171.0,3.392000198364258,434.0,281.0,3.3010001182556152,478.0,169.0,3.355000257492065,431.0,276.0,3.319000244140625,475.0,169.0,3.392000198364258,399.0,283.0,3.355000257492065,353.0,285.0,2.5410001277923584,404.0,378.0,2.616000175476074,341.0,377.0,2.5830001831054688,424.0,454.0,1.6380001306533811,335.0,451.0,1.6600000858306885,421.0,463.0,1.5870001316070557,340.0,459.0,1.6040000915527344,0.0,0.0,0.0,0.0,0.0,0.0
400.0,105.0,3.468000173568725,401.0,98.0,3.319000244140625,402.0,98.0,3.337000131607056,402.0,98.0,3.337000131607056,396.0,96.0,3.3010001182556152,393.0,95.0,3.2840001583099365,390.0,95.0,3.249000072479248,398.0,101.0,3.374000072479248,379.0,96.0,3.199000120162964,398.0,113.0,3.374000072479248,393.0,112.0,3.4110002517700195,406.0,157.0,3.199000120162964,347.0,137.0,2.616000175476074,418.0,204.0,3.150000095367432,386.0,170.0,3.2840001583099365,431.0,264.0,3.1660001277923584,458.0,193.0,3.249000072479248,436.0,281.0,3.2320001125335693,470.0,198.0,3.150000095367432,434.0,281.0,3.21500015258789,471.0,198.0,3.150000095367432,431.0,275.0,3.355000257492065,468.0,196.0,3.150000095367432,399.0,283.0,3.2840001583099365,353.0,284.0,2.5200002193450928,404.0,378.0,2.5410001277923584,341.0,377.0,2.616000175476074,425.0,454.0,1.6380001306533811,335.0,451.0,1.6600000858306885,421.0,463.0,1.5750000476837158,340.0,458.0,1.6120001077651975,0.0,0.0,0.0,0.0,0.0,0.0
403.0,105.0,3.199000120162964,403.0,98.0,3.199000120162964,404.0,98.0,3.199000120162964,404.0,99.0,3.199000120162964,399.0,96.0,3.2320001125335693,396.0,95.0,3.249000072479248,394.0,94.0,3.249000072479248,398.0,101.0,3.150000095367432,381.0,96.0,3.1020002365112305,400.0,113.0,3.392000198364258,395.0,112.0,3.392000198364258,405.0,156.0,3.5280001163482666,349.0,137.0,2.5510001182556152,418.0,206.0,3.569000244140625,387.0,176.0,3.7640001773834233,429.0,262.0,3.392000198364258,455.0,205.0,3.2320001125335693,434.0,282.0,3.1660001277923584,467.0,210.0,3.199000120162964,432.0,281.0,3.1820001602172847,468.0,211.0,3.199000120162964,430.0,274.0,3.319000244140625,465.0,209.0,3.150000095367432,399.0,283.0,3.118000030517578,353.0,284.0,2.5300002098083496,404.0,378.0,2.6050000190734863,341.0,377.0,2.7320001125335693,425.0,454.0,1.6290000677108765,335.0,450.0,1.6910001039505005,421.0,463.0,1.5470000505447388,340.0,457.0,1.6420000791549683,0.0,0.0,0.0,0.0,0.0,0.0
404.0,105.0,3.337000131607056,405.0,98.0,3.374000072479248,405.0,99.0,3.374000072479248,406.0,99.0,3.392000198364258,400.0,96.0,3.355000257492065,398.0,96.0,3.337000131607056,395.0,95.0,3.337000131607056,399.0,102.0,3.3010001182556152,383.0,96.0,3.392000198364258,401.0,114.0,3.150000095367432,396.0,112.0,3.21500015258789,405.0,155.0,3.2660002708435054,349.0,137.0,2.5300002098083496,418.0,206.0,3.1020002365112305,385.0,177.0,2.968000173568725,429.0,263.0,3.319000244140625,452.0,203.0,3.249000072479248,433.0,284.0,3.355000257492065,464.0,208.0,3.249000072479248,431.0,283.0,3.319000244140625,465.0,208.0,3.2660002708435054,429.0,276.0,3.355000257492065,463.0,207.0,3.21500015258789,399.0,284.0,3.2660002708435054,353.0,285.0,2.5300002098083496,404.0,378.0,2.5200002193450928,341.0,377.0,2.616000175476074,425.0,454.0,1.6510000228881836,335.0,449.0,1.6910001039505005,420.0,463.0,1.5750000476837158,340.0,456.0,1.6420000791549683,0.0,0.0,0.0,0.0,0.0,0.0
404.0,106.0,3.337000131607056,404.0,98.0,3.337000131607056,405.0,99.0,3.337000131607056,406.0,99.0,3.337000131607056,400.0,97.0,3.3010001182556152,398.0,96.0,3.319000244140625,395.0,95.0,3.355000257492065,399.0,102.0,3.2660002708435054,383.0,96.0,3.392000198364258,400.0,114.0,3.430000066757202,396.0,112.0,3.449000120162964,407.0,155.0,3.1660001277923584,348.0,137.0,2.562000036239624,416.0,209.0,3.21500015258789,379.0,173.0,2.968000173568725,430.0,267.0,3.3010001182556152,455.0,183.0,3.2320001125335693,435.0,285.0,3.468000173568725,468.0,183.0,3.1660001277923584,433.0,284.0,3.468000173568725,469.0,180.0,3.134000062942505,430.0,279.0,3.569000244140625,465.0,180.0,3.199000120162964,399.0,284.0,3.2320001125335693,353.0,285.0,2.5410001277923584,404.0,378.0,2.5510001182556152,341.0,376.0,2.696000099182129,424.0,453.0,1.65500009059906,335.0,446.0,1.7100000381469727,420.0,462.0,1.5750000476837158,340.0,453.0,1.6640000343322752,0.0,0.0,0.0,328.0,475.0,1.502000093460083
398.0,103.0,3.3010001182556152,399.0,96.0,3.4110002517700195,401.0,96.0,3.430000066757202,402.0,97.0,3.392000198364258,393.0,94.0,3.430000066757202,390.0,94.0,3.4110002517700195,386.0,93.0,3.4110002517700195,399.0,101.0,3.337000131607056,377.0,95.0,3.319000244140625,398.0,112.0,3.21500015258789,391.0,111.0,3.21500015258789,408.0,155.0,3.468000173568725,345.0,137.0,2.6050000190734863,416.0,217.0,3.21500015258789,371.0,149.0,2.338000059127808,433.0,265.0,3.2660002708435054,420.0,106.0,3.249000072479248,439.0,282.0,3.392000198364258,431.0,99.0,3.4110002517700195,435.0,282.0,3.337000131607056,428.0,98.0,3.374000072479248,431.0,277.0,3.2840001583099365,425.0,100.0,3.355000257492065,398.0,283.0,3.430000066757202,351.0,284.0,2.5200002193450928,403.0,376.0,2.4600000381469727,340.0,373.0,2.7440001964569087,424.0,454.0,1.6290000677108765,336.0,446.0,1.701000094413757,421.0,463.0,1.559000015258789,342.0,454.0,1.6730000972747803,0.0,0.0,0.0,327.0,475.0,1.5470000505447388
403.0,105.0,3.392000198364258,404.0,98.0,3.430000066757202,405.0,99.0,3.468000173568725,405.0,99.0,3.468000173568725,399.0,97.0,3.374000072479248,397.0,96.0,3.355000257492065,394.0,95.0,3.337000131607056,399.0,102.0,3.468000173568725,383.0,96.0,3.2840001583099365,400.0,114.0,3.21500015258789,396.0,112.0,3.199000120162964,411.0,156.0,2.180999994277954,347.0,137.0,2.562000036239624,416.0,216.0,3.249000072479248,377.0,160.0,3.2660002708435054,430.0,267.0,3.319000244140625,456.0,148.0,3.249000072479248,436.0,285.0,3.337000131607056,469.0,143.0,3.2320001125335693,433.0,284.0,3.3010001182556152,469.0,140.0,3.2660002708435054,430.0,278.0,3.1820001602172847,466.0,141.0,3.21500015258789,399.0,284.0,3.134000062942505,353.0,285.0,2.5300002098083496,404.0,378.0,2.489000082015991,341.0,376.0,2.7930002212524414,425.0,454.0,1.6510000228881836,335.0,446.0,1.7100000381469727,421.0,463.0,1.6040000915527344,341.0,454.0,1.6780000925064087,0.0,0.0,0.0,0.0,0.0,0.0
402.0,104.0,3.134000062942505,403.0,96.0,3.3010001182556152,404.0,97.0,3.2840001583099365,405.0,97.0,3.2660002708435054,397.0,95.0,3.355000257492065,394.0,94.0,3.392000198364258,391.0,94.0,3.355000257492065,400.0,101.0,3.150000095367432,380.0,96.0,3.199000120162964,401.0,113.0,3.337000131607056,395.0,112.0,3.2320001125335693,409.0,155.0,3.249000072479248,346.0,137.0,2.572000026702881,416.0,216.0,3.337000131607056,375.0,154.0,2.312000036239624,432.0,264.0,3.2840001583099365,428.0,114.0,3.1820001602172847,438.0,282.0,3.468000173568725,440.0,104.0,3.249000072479248,434.0,282.0,3.4110002517700195,437.0,102.0,3.2840001583099365,431.0,276.0,3.449000120162964,435.0,104.0,3.249000072479248,399.0,284.0,3.2660002708435054,353.0,285.0,2.5200002193450928,404.0,378.0,2.5200002193450928,341.0,376.0,2.7320001125335693,424.0,454.0,1.6250001192092896,336.0,447.0,1.7200000286102295,421.0,463.0,1.5950000286102295,341.0,454.0,1.6600000858306885,0.0,0.0,0.0,328.0,475.0,1.5360000133514404
391.0,104.0,3.2840001583099365,396.0,97.0,3.1820001602172847,399.0,98.0,3.1820001602172847,401.0,98.0,3.199000120162964,388.0,95.0,3.337000131607056,385.0,95.0,3.319000244140625,383.0,94.0,3.3010001182556152,400.0,103.0,3.2320001125335693,377.0,96.0,3.2320001125335693,394.0,114.0,3.355000257492065,384.0,112.0,3.374000072479248,408.0,155.0,3.2660002708435054,344.0,137.0,2.627000093460083,418.0,215.0,3.21500015258789,370.0,148.0,2.5510001182556152,434.0,264.0,3.1660001277923584,402.0,103.0,3.21500015258789,440.0,281.0,3.2660002708435054,410.0,93.0,3.2660002708435054,436.0,281.0,3.249000072479248,409.0,94.0,3.249000072479248,432.0,276.0,3.337000131607056,406.0,97.0,3.199000120162964,398.0,283.0,3.2840001583099365,352.0,285.0,2.5200002193450928,403.0,377.0,2.720000028610229,341.0,375.0,2.67300009727478,424.0,454.0,1.6420000791549683,336.0,447.0,1.7050000429153442,420.0,463.0,1.5950000286102295,341.0,455.0,1.6460000276565552,0.0,0.0,0.0,328.0,475.0,1.555000066757202
396.0,104.0,3.355000257492065,397.0,97.0,3.392000198364258,398.0,97.0,3.355000257492065,399.0,98.0,3.337000131607056,392.0,95.0,3.5280001163482666,389.0,95.0,3.569000244140625,386.0,94.0,3.54800009727478,397.0,102.0,3.374000072479248,378.0,97.0,3.54800009727478,395.0,113.0,3.319000244140625,387.0,112.0,3.374000072479248,408.0,154.0,3.2840001583099365,343.0,137.0,2.67300009727478,418.0,216.0,3.355000257492065,362.0,149.0,2.3930001258850098,434.0,265.0,3.355000257492065,379.0,107.0,3.4880001544952393,440.0,281.0,3.392000198364258,382.0,96.0,3.5890002250671382,437.0,282.0,3.374000072479248,383.0,98.0,3.6530001163482666,433.0,277.0,3.430000066757202,381.0,103.0,3.569000244140625,398.0,282.0,3.150000095367432,352.0,284.0,2.499000072479248,403.0,376.0,2.594000101089477,341.0,374.0,2.6610000133514404,424.0,454.0,1.6290000677108765,336.0,448.0,1.715000033378601,421.0,464.0,1.571000099182129,341.0,456.0,1.6600000858306885,0.0,0.0,0.0,0.0,0.0,0.0
398.0,102.0,3.374000072479248,399.0,95.0,3.355000257492065,400.0,95.0,3.374000072479248,401.0,96.0,3.392000198364258,394.0,94.0,3.3010001182556152,391.0,93.0,3.3010001182556152,389.0,93.0,3.3010001182556152,397.0,99.0,3.337000131607056,379.0,95.0,3.374000072479248,397.0,111.0,3.374000072479248,391.0,110.0,3.392000198364258,408.0,152.0,3.5890002250671382,343.0,137.0,2.489000082015991,419.0,216.0,3.392000198364258,361.0,150.0,2.450000047683716,435.0,265.0,3.118000030517578,374.0,107.0,3.319000244140625,440.0,281.0,3.2660002708435054,376.0,96.0,3.374000072479248,437.0,281.0,3.249000072479248,376.0,96.0,3.374000072479248,433.0,276.0,3.2840001583099365,374.0,100.0,3.337000131607056,399.0,281.0,3.249000072479248,352.0,283.0,2.4790000915527344,403.0,376.0,2.650000095367432,341.0,373.0,2.7320001125335693,424.0,455.0,1.6330001354217527,336.0,448.0,1.7050000429153442,421.0,464.0,1.555000066757202,341.0,456.0,1.6380001306533811,0.0,0.0,0.0,0.0,0.0,0.0
398.0,102.0,3.508000135421753,399.0,95.0,3.319000244140625,400.0,95.0,3.319000244140625,401.0,95.0,3.319000244140625,394.0,94.0,3.249000072479248,391.0,93.0,3.2320001125335693,388.0,93.0,3.3010001182556152,397.0,99.0,3.430000066757202,379.0,94.0,3.355000257492065,397.0,111.0,3.355000257492065,391.0,110.0,3.355000257492065,408.0,152.0,3.2840001583099365,0.0,0.0,0.0,419.0,215.0,3.355000257492065,359.0,151.0,2.384000062942505,434.0,265.0,3.3010001182556152,375.0,107.0,3.355000257492065,440.0,281.0,3.2660002708435054,377.0,96.0,3.337000131607056,436.0,281.0,3.2840001583099365,377.0,96.0,3.337000131607056,432.0,276.0,3.374000072479248,375.0,99.0,3.319000244140625,399.0,281.0,3.2660002708435054,352.0,283.0,2.5300002098083496,403.0,376.0,2.5200002193450928,341.0,373.0,2.7930002212524414,424.0,455.0,1.6640000343322752,336.0,448.0,1.6910001039505005,421.0,464.0,1.5830000638961792,341.0,456.0,1.65500009059906,0.0,0.0,0.0,328.0,475.0,1.5870001316070557
399.0,101.0,3.508000135421753,399.0,94.0,3.355000257492065,400.0,95.0,3.355000257492065,401.0,95.0,3.355000257492065,394.0,93.0,3.4110002517700195,392.0,93.0,3.430000066757202,389.0,93.0,3.449000120162964,396.0,99.0,3.468000173568725,379.0,95.0,3.2660002708435054,397.0,110.0,3.54800009727478,392.0,109.0,3.632000207901001,408.0,152.0,3.355000257492065,0.0,0.0,0.0,419.0,214.0,3.249000072479248,360.0,152.0,2.365000009536743,434.0,265.0,3.3010001182556152,378.0,109.0,3.392000198364258,439.0,281.0,3.2840001583099365,381.0,98.0,3.319000244140625,435.0,281.0,3.249000072479248,381.0,97.0,3.3010001182556152,432.0,275.0,3.355000257492065,379.0,104.0,3.4880001544952393,399.0,281.0,3.087000131607056,352.0,283.0,2.499000072479248,403.0,376.0,2.5830001831054688,342.0,372.0,2.7680001258850098,424.0,455.0,1.6640000343322752,336.0,446.0,1.7390000820159912,421.0,464.0,1.5950000286102295,342.0,454.0,1.6380001306533811,0.0,0.0,0.0,327.0,475.0,1.5470000505447388
392.0,102.0,3.392000198364258,395.0,95.0,3.249000072479248,396.0,95.0,3.2320001125335693,398.0,96.0,3.21500015258789,387.0,94.0,3.2840001583099365,384.0,93.0,3.249000072479248,381.0,93.0,3.199000120162964,397.0,100.0,3.2660002708435054,374.0,95.0,3.1820001602172847,393.0,112.0,3.430000066757202,384.0,111.0,3.392000198364258,408.0,152.0,3.392000198364258,0.0,0.0,0.0,420.0,212.0,3.2840001583099365,368.0,151.0,2.4310002326965328,434.0,264.0,3.337000131607056,412.0,107.0,3.430000066757202,439.0,281.0,3.1820001602172847,421.0,97.0,3.430000066757202,434.0,280.0,3.2660002708435054,419.0,96.0,3.337000131607056,431.0,274.0,3.2840001583099365,417.0,100.0,3.449000120162964,399.0,281.0,3.199000120162964,352.0,285.0,2.5410001277923584,403.0,376.0,2.6050000190734863,342.0,372.0,2.8060002326965328,424.0,455.0,1.6380001306533811,336.0,446.0,1.7290000915527344,421.0,464.0,1.5630000829696655,342.0,454.0,1.6730000972747803,0.0,0.0,0.0,328.0,474.0,1.5430001020431519
394.0,102.0,3.2660002708435054,396.0,95.0,3.355000257492065,397.0,95.0,3.355000257492065,399.0,96.0,3.355000257492065,389.0,93.0,3.3010001182556152,386.0,93.0,3.2660002708435054,383.0,92.0,3.2840001583099365,398.0,100.0,3.337000131607056,373.0,95.0,3.355000257492065,395.0,112.0,3.3010001182556152,388.0,111.0,3.3010001182556152,409.0,152.0,2.3560001850128174,344.0,137.0,2.5510001182556152,420.0,211.0,3.54800009727478,374.0,153.0,3.150000095367432,434.0,262.0,3.21500015258789,433.0,118.0,3.319000244140625,438.0,280.0,3.319000244140625,448.0,106.0,3.2840001583099365,434.0,279.0,3.374000072479248,445.0,104.0,3.2660002708435054,431.0,273.0,3.2840001583099365,441.0,107.0,3.1660001277923584,399.0,282.0,3.087000131607056,353.0,285.0,2.5510001182556152,404.0,376.0,2.5200002193450928,342.0,373.0,2.7680001258850098,425.0,455.0,1.6160000562667847,336.0,447.0,1.724000096321106,421.0,464.0,1.5790001153945923,341.0,455.0,1.6420000791549683,0.0,0.0,0.0,328.0,475.0,1.540000081062317
398.0,103.0,3.1660001277923584,398.0,95.0,3.2840001583099365,399.0,95.0,3.2840001583099365,400.0,96.0,3.2840001583099365,393.0,93.0,3.2840001583099365,390.0,93.0,3.2840001583099365,386.0,92.0,3.2320001125335693,398.0,100.0,3.21500015258789,376.0,95.0,3.087000131607056,397.0,112.0,3.2660002708435054,392.0,111.0,3.1660001277923584,410.0,154.0,3.374000072479248,347.0,138.0,2.5300002098083496,420.0,214.0,3.430000066757202,379.0,149.0,3.150000095367432,434.0,262.0,3.21500015258789,454.0,141.0,3.319000244140625,439.0,280.0,3.337000131607056,467.0,137.0,3.21500015258789,434.0,279.0,3.337000131607056,465.0,133.0,3.2320001125335693,431.0,273.0,3.337000131607056,462.0,135.0,3.249000072479248,400.0,282.0,3.2660002708435054,354.0,285.0,2.5300002098083496,404.0,376.0,2.696000099182129,342.0,374.0,2.7680001258850098,425.0,454.0,1.6460000276565552,336.0,447.0,1.7200000286102295,421.0,464.0,1.5630000829696655,341.0,455.0,1.6380001306533811,0.0,0.0,0.0,328.0,475.0,1.5670000314712524
393.0,104.0,3.508000135421753,395.0,97.0,3.508000135421753,397.0,97.0,3.5280001163482666,398.0,98.0,3.54800009727478,389.0,95.0,3.449000120162964,386.0,95.0,3.392000198364258,383.0,95.0,3.319000244140625,395.0,102.0,3.54800009727478,376.0,97.0,3.3010001182556152,393.0,113.0,3.337000131607056,384.0,112.0,3.319000244140625,406.0,155.0,3.374000072479248,0.0,0.0,0.0,417.0,217.0,3.2320001125335693,362.0,149.0,2.3930001258850098,434.0,265.0,3.319000244140625,380.0,104.0,3.1820001602172847,440.0,281.0,3.21500015258789,385.0,94.0,3.337000131607056,436.0,281.0,3.199000120162964,385.0,96.0,3.392000198364258,432.0,276.0,3.2840001583099365,383.0,100.0,3.355000257492065,398.0,283.0,3.3010001182556152,351.0,285.0,2.5300002098083496,403.0,376.0,2.616000175476074,341.0,373.0,2.819000244140625,424.0,454.0,1.6460000276565552,336.0,447.0,1.749000072479248,421.0,464.0,1.5670000314712524,341.0,455.0,1.65500009059906,0.0,0.0,0.0,0.0,0.0,0.0
399.0,103.0,3.319000244140625,400.0,95.0,3.355000257492065,401.0,96.0,3.355000257492065,402.0,96.0,3.355000257492065,394.0,94.0,3.374000072479248,391.0,93.0,3.337000131607056,388.0,92.0,3.3010001182556152,398.0,100.0,3.355000257492065,377.0,95.0,3.2320001125335693,397.0,112.0,3.249000072479248,392.0,111.0,3.3010001182556152,411.0,155.0,3.392000198364258,347.0,138.0,2.510000228881836,420.0,208.0,3.199000120162964,379.0,167.0,3.0560002326965328,434.0,262.0,3.249000072479248,454.0,181.0,3.355000257492065,438.0,280.0,3.2840001583099365,468.0,182.0,3.2660002708435054,434.0,279.0,3.21500015258789,469.0,180.0,3.2660002708435054,431.0,273.0,3.319000244140625,465.0,179.0,3.2840001583099365,400.0,283.0,3.249000072479248,354.0,284.0,2.510000228881836,404.0,377.0,2.4790000915527344,342.0,374.0,2.819000244140625,425.0,454.0,1.6290000677108765,336.0,447.0,1.701000094413757,421.0,463.0,1.5750000476837158,341.0,454.0,1.6460000276565552,0.0,0.0,0.0,328.0,475.0,1.571000099182129
399.0,103.0,3.4110002517700195,400.0,96.0,3.449000120162964,401.0,96.0,3.449000120162964,403.0,97.0,3.449000120162964,395.0,94.0,3.4110002517700195,391.0,93.0,3.374000072479248,388.0,92.0,3.2660002708435054,399.0,100.0,3.468000173568725,378.0,94.0,3.21500015258789,397.0,112.0,3.199000120162964,392.0,111.0,3.199000120162964,409.0,154.0,3.1660001277923584,347.0,137.0,2.5300002098083496,425.0,206.0,3.2320001125335693,384.0,177.0,3.2320001125335693,432.0,262.0,3.134000062942505,452.0,202.0,3.319000244140625,437.0,281.0,3.319000244140625,464.0,207.0,3.4110002517700195,433.0,279.0,3.2840001583099365,465.0,206.0,3.4110002517700195,431.0,273.0,3.2840001583099365,462.0,205.0,3.374000072479248,400.0,283.0,3.21500015258789,354.0,284.0,2.5410001277923584,404.0,377.0,2.6050000190734863,341.0,374.0,2.781000137329101,425.0,455.0,1.6510000228881836,336.0,448.0,1.6910001039505005,421.0,464.0,1.5670000314712524,341.0,456.0,1.6250001192092896,0.0,0.0,0.0,0.0,0.0,0.0
400.0,103.0,3.392000198364258,402.0,96.0,3.4110002517700195,403.0,96.0,3.392000198364258,404.0,97.0,3.392000198364258,396.0,94.0,3.374000072479248,393.0,93.0,3.392000198364258,389.0,92.0,3.355000257492065,400.0,100.0,3.4110002517700195,379.0,94.0,3.1820001602172847,398.0,112.0,3.430000066757202,393.0,111.0,3.392000198364258,409.0,153.0,3.430000066757202,348.0,137.0,2.510000228881836,426.0,210.0,3.2840001583099365,384.0,185.0,2.9260001182556152,431.0,261.0,3.319000244140625,443.0,220.0,3.150000095367432,433.0,281.0,3.319000244140625,451.0,225.0,3.199000120162964,430.0,280.0,3.374000072479248,452.0,225.0,3.199000120162964,428.0,274.0,3.4110002517700195,450.0,224.0,3.1820001602172847,400.0,283.0,3.2660002708435054,353.0,284.0,2.5300002098083496,404.0,377.0,2.616000175476074,341.0,373.0,2.7080001831054688,424.0,455.0,1.6380001306533811,336.0,447.0,1.7290000915527344,421.0,464.0,1.5670000314712524,341.0,454.0,1.6460000276565552,0.0,0.0,0.0,329.0,475.0,1.540000081062317
401.0,103.0,3.3010001182556152,402.0,96.0,3.249000072479248,403.0,96.0,3.2320001125335693,404.0,97.0,3.2320001125335693,397.0,94.0,3.319000244140625,394.0,93.0,3.355000257492065,390.0,92.0,3.337000131607056,400.0,100.0,3.21500015258789,379.0,94.0,3.087000131607056,399.0,112.0,3.374000072479248,393.0,111.0,3.337000131607056,409.0,153.0,3.2840001583099365,348.0,137.0,2.499000072479248,424.0,210.0,3.319000244140625,386.0,183.0,3.199000120162964,429.0,265.0,3.319000244140625,447.0,211.0,3.468000173568725,432.0,284.0,3.2840001583099365,457.0,214.0,3.430000066757202,429.0,283.0,3.355000257492065,457.0,213.0,3.449000120162964,427.0,276.0,3.337000131607056,455.0,212.0,3.468000173568725,399.0,283.0,3.355000257492065,353.0,283.0,2.510000228881836,404.0,377.0,2.4790000915527344,341.0,373.0,2.7680001258850098,424.0,455.0,1.6120001077651975,336.0,448.0,1.7050000429153442,420.0,465.0,1.5430001020431519,341.0,456.0,1.6420000791549683,0.0,0.0,0.0,329.0,475.0,1.5510001182556152
401.0,103.0,3.2840001583099365,402.0,96.0,3.337000131607056,403.0,97.0,3.337000131607056,404.0,97.0,3.319000244140625,397.0,94.0,3.319000244140625,393.0,93.0,3.319000244140625,390.0,92.0,3.337000131607056,400.0,100.0,3.319000244140625,379.0,94.0,3.4110002517700195,399.0,112.0,3.3010001182556152,393.0,111.0,3.2320001125335693,410.0,153.0,3.355000257492065,348.0,137.0,2.489000082015991,420.0,210.0,3.337000131607056,375.0,173.0,2.6840000152587886,430.0,267.0,3.3010001182556152,449.0,180.0,3.319000244140625,433.0,285.0,3.1820001602172847,462.0,181.0,3.2660002708435054,430.0,283.0,3.150000095367432,463.0,177.0,3.3010001182556152,428.0,277.0,3.2840001583099365,460.0,177.0,3.2840001583099365,399.0,283.0,3.1660001277923584,353.0,283.0,2.5300002098083496,403.0,377.0,2.5300002098083496,341.0,372.0,2.720000028610229,424.0,455.0,1.6250001192092896,336.0,448.0,1.715000033378601,420.0,465.0,1.540000081062317,341.0,456.0,1.6290000677108765,0.0,0.0,0.0,0.0,0.0,0.0
401.0,104.0,3.374000072479248,402.0,97.0,3.2660002708435054,403.0,97.0,3.2660002708435054,404.0,98.0,3.3010001182556152,397.0,95.0,3.392000198364258,394.0,94.0,3.468000173568725,390.0,93.0,3.5280001163482666,400.0,100.0,3.337000131607056,380.0,95.0,3.355000257492065,399.0,112.0,3.337000131607056,393.0,112.0,3.2840001583099365,413.0,155.0,2.7560000419616695,348.0,138.0,2.499000072479248,420.0,214.0,3.449000120162964,375.0,158.0,2.8710000514984126,432.0,268.0,3.374000072479248,450.0,152.0,3.392000198364258,435.0,285.0,3.4880001544952393,463.0,143.0,3.21500015258789,431.0,283.0,3.508000135421753,463.0,140.0,3.1660001277923584,429.0,278.0,3.374000072479248,459.0,141.0,3.249000072479248,399.0,283.0,3.337000131607056,353.0,284.0,2.562000036239624,403.0,377.0,2.616000175476074,341.0,373.0,2.8320000171661377,424.0,456.0,1.571000099182129,336.0,448.0,1.6820000410079956,421.0,466.0,1.52400004863739,341.0,456.0,1.6160000562667847,0.0,0.0,0.0,329.0,475.0,1.52400004863739
400.0,103.0,3.3010001182556152,401.0,96.0,3.449000120162964,402.0,96.0,3.430000066757202,404.0,97.0,3.449000120162964,395.0,94.0,3.392000198364258,392.0,93.0,3.4110002517700195,389.0,92.0,3.392000198364258,400.0,100.0,3.4110002517700195,378.0,95.0,3.468000173568725,399.0,112.0,3.249000072479248,393.0,111.0,3.2660002708435054,412.0,153.0,3.2660002708435054,347.0,137.0,2.489000082015991,420.0,214.0,3.374000072479248,374.0,148.0,2.2870001792907715,432.0,266.0,3.355000257492065,429.0,112.0,3.199000120162964,436.0,284.0,3.2320001125335693,441.0,105.0,3.355000257492065,431.0,282.0,3.249000072479248,439.0,103.0,3.392000198364258,429.0,277.0,3.1820001602172847,435.0,105.0,3.392000198364258,399.0,283.0,3.199000120162964,352.0,284.0,2.5410001277923584,403.0,377.0,2.572000026702881,341.0,373.0,2.781000137329101,424.0,456.0,1.6600000858306885,336.0,448.0,1.6820000410079956,420.0,466.0,1.5790001153945923,341.0,456.0,1.6510000228881836,0.0,0.0,0.0,329.0,475.0,1.5830000638961792
394.0,103.0,3.249000072479248,397.0,96.0,3.319000244140625,400.0,97.0,3.3010001182556152,401.0,98.0,3.2840001583099365,390.0,95.0,3.337000131607056,387.0,94.0,3.319000244140625,384.0,94.0,3.337000131607056,400.0,102.0,3.2840001583099365,377.0,96.0,3.4110002517700195,396.0,113.0,3.249000072479248,386.0,111.0,3.374000072479248,411.0,153.0,3.468000173568725,0.0,0.0,0.0,420.0,214.0,3.337000131607056,372.0,136.0,2.3930001258850098,432.0,267.0,3.3010001182556152,402.0,97.0,3.2840001583099365,437.0,284.0,3.374000072479248,409.0,89.0,3.2320001125335693,432.0,283.0,3.374000072479248,408.0,90.0,3.2320001125335693,429.0,278.0,3.319000244140625,405.0,93.0,3.249000072479248,399.0,282.0,3.3010001182556152,352.0,285.0,2.5200002193450928,404.0,377.0,2.616000175476074,341.0,373.0,2.845000028610229,424.0,456.0,1.6460000276565552,336.0,447.0,1.7340000867843628,420.0,466.0,1.5630000829696655,341.0,456.0,1.6040000915527344,0.0,0.0,0.0,329.0,475.0,1.52400004863739
401.0,103.0,3.430000066757202,401.0,96.0,3.337000131607056,402.0,97.0,3.355000257492065,402.0,97.0,3.355000257492065,397.0,95.0,3.374000072479248,395.0,95.0,3.392000198364258,392.0,94.0,3.430000066757202,398.0,101.0,3.374000072479248,382.0,96.0,3.4110002517700195,399.0,112.0,3.249000072479248,394.0,111.0,3.319000244140625,409.0,153.0,3.374000072479248,342.0,137.0,2.898000240325928,420.0,215.0,3.319000244140625,364.0,143.0,2.4120001792907715,432.0,267.0,3.21500015258789,381.0,104.0,3.4880001544952393,437.0,284.0,3.2320001125335693,386.0,91.0,3.449000120162964,432.0,283.0,3.199000120162964,385.0,95.0,3.449000120162964,429.0,277.0,3.249000072479248,383.0,99.0,3.468000173568725,399.0,282.0,3.337000131607056,352.0,285.0,2.5510001182556152,404.0,376.0,2.6840000152587886,341.0,373.0,2.67300009727478,424.0,456.0,1.6460000276565552,336.0,448.0,1.715000033378601,420.0,466.0,1.555000066757202,341.0,456.0,1.6460000276565552,0.0,0.0,0.0,328.0,475.0,1.6040000915527344
402.0,103.0,3.508000135421753,402.0,96.0,3.508000135421753,403.0,97.0,3.5280001163482666,404.0,97.0,3.5280001163482666,398.0,95.0,3.508000135421753,395.0,95.0,3.5280001163482666,393.0,94.0,3.54800009727478,398.0,100.0,3.5280001163482666,383.0,96.0,3.392000198364258,400.0,112.0,3.319000244140625,395.0,111.0,3.355000257492065,409.0,153.0,3.249000072479248,342.0,137.0,2.499000072479248,420.0,215.0,3.337000131607056,362.0,152.0,2.4600000381469727,432.0,266.0,3.337000131607056,378.0,106.0,3.319000244140625,437.0,283.0,3.249000072479248,381.0,96.0,3.355000257492065,432.0,282.0,3.21500015258789,383.0,96.0,3.392000198364258,429.0,277.0,3.21500015258789,380.0,99.0,3.319000244140625,399.0,282.0,3.1660001277923584,352.0,284.0,2.5510001182556152,404.0,376.0,2.5200002193450928,341.0,372.0,2.7560000419616695,424.0,456.0,1.5870001316070557,336.0,448.0,1.7200000286102295,420.0,466.0,1.559000015258789,341.0,456.0,1.6510000228881836,0.0,0.0,0.0,0.0,0.0,0.0
399.0,102.0,3.2840001583099365,399.0,95.0,3.2840001583099365,400.0,95.0,3.2840001583099365,400.0,96.0,3.3010001182556152,394.0,94.0,3.249000072479248,392.0,94.0,3.249000072479248,389.0,93.0,3.2660002708435054,395.0,100.0,3.249000072479248,379.0,95.0,3.21500015258789,397.0,111.0,3.2840001583099365,392.0,110.0,3.249000072479248,405.0,154.0,3.355000257492065,341.0,137.0,2.499000072479248,417.0,217.0,3.21500015258789,360.0,151.0,2.450000047683716,434.0,263.0,3.374000072479248,375.0,107.0,3.319000244140625,440.0,280.0,3.430000066757202,379.0,95.0,3.21500015258789,437.0,280.0,3.392000198364258,380.0,96.0,3.199000120162964,433.0,274.0,3.319000244140625,378.0,100.0,3.319000244140625,397.0,282.0,3.2660002708435054,351.0,284.0,2.510000228881836,403.0,375.0,2.638000011444092,341.0,373.0,2.8710000514984126,424.0,454.0,1.6600000858306885,336.0,447.0,1.7290000915527344,421.0,464.0,1.555000066757202,341.0,455.0,1.6820000410079956,0.0,0.0,0.0,327.0,475.0,1.555000066757202
402.0,103.0,3.319000244140625,403.0,96.0,3.337000131607056,404.0,97.0,3.355000257492065,404.0,97.0,3.355000257492065,398.0,95.0,3.3010001182556152,396.0,95.0,3.3010001182556152,393.0,94.0,3.319000244140625,398.0,100.0,3.2660002708435054,383.0,96.0,3.355000257492065,401.0,112.0,3.392000198364258,395.0,111.0,3.355000257492065,409.0,152.0,3.4110002517700195,342.0,137.0,2.7680001258850098,420.0,215.0,3.2320001125335693,362.0,154.0,2.450000047683716,432.0,266.0,3.319000244140625,378.0,107.0,3.4110002517700195,437.0,283.0,3.374000072479248,381.0,95.0,3.374000072479248,432.0,282.0,3.430000066757202,381.0,96.0,3.374000072479248,429.0,277.0,3.355000257492065,380.0,99.0,3.392000198364258,399.0,282.0,3.1820001602172847,352.0,284.0,2.5300002098083496,404.0,376.0,2.638000011444092,341.0,372.0,2.819000244140625,424.0,457.0,1.5750000476837158,336.0,447.0,1.6910001039505005,420.0,466.0,1.5430001020431519,341.0,456.0,1.6600000858306885,0.0,0.0,0.0,328.0,475.0,1.571000099182129
402.0,103.0,3.199000120162964,403.0,96.0,3.337000131607056,404.0,96.0,3.355000257492065,404.0,96.0,3.355000257492065,398.0,95.0,3.337000131607056,396.0,95.0,3.337000131607056,393.0,94.0,3.337000131607056,398.0,100.0,3.2840001583099365,383.0,95.0,3.319000244140625,401.0,111.0,3.2320001125335693,395.0,110.0,3.2840001583099365,409.0,152.0,3.2840001583099365,0.0,0.0,0.0,420.0,215.0,3.3010001182556152,362.0,153.0,2.338000059127808,433.0,266.0,3.392000198364258,380.0,106.0,3.430000066757202,437.0,282.0,3.2840001583099365,383.0,95.0,3.319000244140625,432.0,282.0,3.374000072479248,383.0,95.0,3.319000244140625,429.0,276.0,3.374000072479248,381.0,99.0,3.2840001583099365,399.0,281.0,3.2320001125335693,352.0,284.0,2.5510001182556152,404.0,376.0,2.5300002098083496,341.0,372.0,2.781000137329101,424.0,457.0,1.6040000915527344,336.0,446.0,1.7050000429153442,420.0,467.0,1.5360000133514404,341.0,455.0,1.6640000343322752,0.0,0.0,0.0,328.0,474.0,1.5670000314712524
390.0,104.0,3.249000072479248,395.0,96.0,3.3010001182556152,397.0,97.0,3.2660002708435054,399.0,98.0,3.2320001125335693,387.0,95.0,3.21500015258789,384.0,95.0,3.150000095367432,382.0,94.0,3.1820001602172847,398.0,102.0,3.2320001125335693,378.0,97.0,3.150000095367432,393.0,113.0,3.319000244140625,383.0,111.0,3.355000257492065,409.0,153.0,3.1820001602172847,0.0,0.0,0.0,420.0,215.0,3.355000257492065,366.0,148.0,2.4310002326965328,433.0,266.0,3.337000131607056,402.0,103.0,3.2320001125335693,437.0,282.0,3.4880001544952393,411.0,94.0,3.2660002708435054,433.0,282.0,3.5280001163482666,408.0,95.0,3.2660002708435054,430.0,276.0,3.355000257492065,405.0,100.0,3.1820001602172847,399.0,281.0,3.1660001277923584,352.0,284.0,2.499000072479248,404.0,376.0,2.616000175476074,341.0,372.0,2.8320000171661377,424.0,457.0,1.6040000915527344,336.0,447.0,1.715000033378601,421.0,466.0,1.5510001182556152,341.0,455.0,1.6600000858306885,0.0,0.0,0.0,0.0,0.0,0.0
394.0,103.0,3.199000120162964,396.0,96.0,3.249000072479248,398.0,96.0,3.3010001182556152,400.0,97.0,3.355000257492065,389.0,94.0,3.337000131607056,386.0,94.0,3.430000066757202,383.0,93.0,3.508000135421753,400.0,102.0,3.2840001583099365,376.0,96.0,3.468000173568725,396.0,113.0,3.21500015258789,388.0,111.0,3.2660002708435054,409.0,152.0,2.4120001792907715,344.0,138.0,2.616000175476074,420.0,212.0,3.430000066757202,374.0,147.0,2.8060002326965328,433.0,265.0,3.2320001125335693,430.0,113.0,3.2660002708435054,437.0,282.0,3.21500015258789,444.0,105.0,3.337000131607056,433.0,282.0,3.249000072479248,441.0,103.0,3.337000131607056,430.0,276.0,3.468000173568725,438.0,105.0,3.337000131607056,399.0,282.0,3.1820001602172847,352.0,284.0,2.5300002098083496,404.0,376.0,2.594000101089477,341.0,372.0,2.7930002212524414,424.0,457.0,1.6290000677108765,336.0,447.0,1.696000099182129,420.0,466.0,1.555000066757202,341.0,456.0,1.6200001239776611,0.0,0.0,0.0,0.0,0.0,0.0
400.0,104.0,3.508000135421753,400.0,96.0,3.508000135421753,401.0,96.0,3.4880001544952393,401.0,97.0,3.508000135421753,395.0,94.0,3.508000135421753,392.0,94.0,3.508000135421753,389.0,93.0,3.449000120162964,399.0,101.0,3.569000244140625,378.0,96.0,3.337000131607056,398.0,113.0,3.319000244140625,393.0,112.0,3.374000072479248,409.0,154.0,3.2660002708435054,348.0,138.0,2.489000082015991,420.0,214.0,3.430000066757202,377.0,146.0,3.118000030517578,433.0,265.0,3.319000244140625,453.0,138.0,3.355000257492065,438.0,282.0,3.392000198364258,466.0,134.0,3.374000072479248,433.0,281.0,3.4110002517700195,465.0,131.0,3.355000257492065,430.0,276.0,3.449000120162964,461.0,132.0,3.392000198364258,399.0,282.0,3.319000244140625,353.0,284.0,2.5410001277923584,404.0,376.0,2.638000011444092,342.0,372.0,2.9120001792907715,424.0,456.0,1.6510000228881836,336.0,448.0,1.724000096321106,420.0,466.0,1.540000081062317,341.0,456.0,1.6690000295639038,0.0,0.0,0.0,329.0,475.0,1.5320000648498535
400.0,104.0,3.430000066757202,401.0,96.0,3.2840001583099365,401.0,97.0,3.319000244140625,402.0,97.0,3.337000131607056,396.0,95.0,3.2320001125335693,393.0,94.0,3.2660002708435054,390.0,93.0,3.2840001583099365,399.0,101.0,3.355000257492065,379.0,95.0,3.392000198364258,398.0,113.0,3.430000066757202,393.0,112.0,3.355000257492065,411.0,154.0,3.355000257492065,347.0,138.0,2.562000036239624,419.0,210.0,3.4880001544952393,378.0,165.0,3.01200008392334,433.0,265.0,3.2660002708435054,455.0,178.0,3.392000198364258,437.0,283.0,3.249000072479248,469.0,178.0,3.355000257492065,433.0,282.0,3.199000120162964,469.0,176.0,3.355000257492065,430.0,276.0,3.21500015258789,465.0,176.0,3.355000257492065,400.0,282.0,3.249000072479248,353.0,284.0,2.5200002193450928,404.0,377.0,2.6840000152587886,342.0,372.0,2.9820001125335693,424.0,456.0,1.6080000400543213,336.0,448.0,1.696000099182129,420.0,465.0,1.5630000829696655,341.0,456.0,1.599000096321106,0.0,0.0,0.0,329.0,474.0,1.571000099182129
401.0,105.0,3.4880001544952393,401.0,97.0,3.5280001163482666,402.0,98.0,3.54800009727478,403.0,98.0,3.5280001163482666,396.0,95.0,3.449000120162964,393.0,94.0,3.392000198364258,390.0,93.0,3.337000131607056,399.0,101.0,3.5890002250671382,379.0,95.0,3.3010001182556152,398.0,113.0,3.21500015258789,393.0,112.0,3.2320001125335693,410.0,153.0,3.337000131607056,347.0,137.0,2.510000228881836,425.0,204.0,3.392000198364258,383.0,176.0,3.0260002613067623,432.0,265.0,3.21500015258789,453.0,197.0,3.150000095367432,436.0,283.0,3.355000257492065,465.0,200.0,3.2660002708435054,432.0,282.0,3.337000131607056,465.0,200.0,3.2660002708435054,430.0,276.0,3.374000072479248,462.0,198.0,3.2320001125335693,400.0,282.0,3.2660002708435054,353.0,283.0,2.499000072479248,403.0,377.0,2.499000072479248,342.0,372.0,2.819000244140625,424.0,456.0,1.6200001239776611,336.0,448.0,1.7100000381469727,421.0,465.0,1.540000081062317,341.0,456.0,1.6690000295639038,0.0,0.0,0.0,329.0,474.0,1.5360000133514404
401.0,105.0,3.319000244140625,402.0,97.0,3.374000072479248,403.0,98.0,3.374000072479248,403.0,98.0,3.374000072479248,397.0,95.0,3.319000244140625,394.0,94.0,3.3010001182556152,390.0,93.0,3.3010001182556152,400.0,101.0,3.319000244140625,379.0,95.0,3.0410001277923584,398.0,113.0,3.355000257492065,393.0,112.0,3.2320001125335693,409.0,153.0,3.118000030517578,347.0,137.0,2.5300002098083496,425.0,206.0,3.2840001583099365,384.0,183.0,3.01200008392334,430.0,265.0,3.2660002708435054,449.0,216.0,3.374000072479248,433.0,284.0,3.2660002708435054,457.0,218.0,3.337000131607056,430.0,282.0,3.3010001182556152,458.0,218.0,3.337000131607056,428.0,276.0,3.2320001125335693,457.0,217.0,3.337000131607056,399.0,282.0,3.249000072479248,353.0,283.0,2.5200002193450928,403.0,377.0,2.594000101089477,341.0,372.0,2.7440001964569087,424.0,456.0,1.6250001192092896,336.0,448.0,1.6910001039505005,420.0,466.0,1.5470000505447388,341.0,457.0,1.6420000791549683,0.0,0.0,0.0,329.0,475.0,1.5360000133514404
401.0,105.0,3.5280001163482666,402.0,98.0,3.468000173568725,403.0,98.0,3.468000173568725,404.0,99.0,3.468000173568725,397.0,95.0,3.468000173568725,394.0,94.0,3.430000066757202,390.0,93.0,3.355000257492065,400.0,101.0,3.5280001163482666,379.0,95.0,3.337000131607056,398.0,113.0,3.6530001163482666,393.0,112.0,3.5890002250671382,408.0,152.0,3.508000135421753,347.0,137.0,2.510000228881836,423.0,207.0,3.337000131607056,384.0,181.0,3.1820001602172847,429.0,265.0,3.150000095367432,447.0,208.0,3.319000244140625,432.0,284.0,3.21500015258789,457.0,212.0,3.2320001125335693,429.0,283.0,3.249000072479248,458.0,211.0,3.21500015258789,427.0,276.0,3.337000131607056,456.0,210.0,3.2320001125335693,399.0,282.0,3.249000072479248,353.0,283.0,2.510000228881836,403.0,377.0,2.616000175476074,341.0,372.0,2.845000028610229,424.0,456.0,1.6290000677108765,336.0,448.0,1.7200000286102295,420.0,465.0,1.5670000314712524,341.0,457.0,1.65500009059906,0.0,0.0,0.0,329.0,475.0,1.52400004863739
400.0,105.0,3.249000072479248,402.0,98.0,3.2660002708435054,403.0,98.0,3.2660002708435054,404.0,99.0,3.2660002708435054,396.0,95.0,3.319000244140625,393.0,94.0,3.337000131607056,389.0,93.0,3.319000244140625,400.0,101.0,3.249000072479248,379.0,95.0,3.337000131607056,398.0,113.0,3.449000120162964,392.0,112.0,3.337000131607056,409.0,152.0,3.374000072479248,347.0,137.0,2.5300002098083496,424.0,205.0,3.355000257492065,372.0,172.0,2.650000095367432,430.0,266.0,3.355000257492065,447.0,189.0,3.430000066757202,433.0,284.0,3.21500015258789,458.0,191.0,3.337000131607056,430.0,283.0,3.199000120162964,460.0,189.0,3.374000072479248,428.0,277.0,3.134000062942505,457.0,188.0,3.4110002517700195,399.0,282.0,3.2660002708435054,353.0,283.0,2.5200002193450928,403.0,377.0,2.5510001182556152,341.0,372.0,2.7320001125335693,424.0,456.0,1.6040000915527344,336.0,448.0,1.7050000429153442,420.0,466.0,1.5510001182556152,341.0,456.0,1.6250001192092896,0.0,0.0,0.0,329.0,475.0,1.5470000505447388
400.0,102.0,3.569000244140625,400.0,95.0,3.337000131607056,401.0,96.0,3.355000257492065,402.0,96.0,3.337000131607056,396.0,94.0,3.374000072479248,393.0,94.0,3.392000198364258,391.0,94.0,3.392000198364258,395.0,99.0,3.54800009727478,380.0,95.0,3.374000072479248,399.0,111.0,3.610000133514404,394.0,110.0,3.569000244140625,405.0,153.0,3.355000257492065,341.0,137.0,2.5300002098083496,417.0,217.0,3.355000257492065,359.0,149.0,2.4600000381469727,434.0,264.0,3.3010001182556152,373.0,107.0,3.449000120162964,440.0,280.0,3.468000173568725,375.0,97.0,3.3010001182556152,437.0,280.0,3.468000173568725,376.0,98.0,3.319000244140625,433.0,275.0,3.4880001544952393,374.0,101.0,3.2840001583099365,397.0,281.0,3.150000095367432,351.0,283.0,2.5200002193450928,403.0,374.0,2.8710000514984126,341.0,373.0,2.6840000152587886,424.0,454.0,1.6380001306533811,336.0,447.0,1.724000096321106,421.0,464.0,1.5830000638961792,341.0,455.0,1.6730000972747803,0.0,0.0,0.0,328.0,475.0,1.5360000133514404
400.0,105.0,3.2840001583099365,402.0,98.0,3.337000131607056,403.0,98.0,3.337000131607056,404.0,99.0,3.337000131607056,396.0,95.0,3.374000072479248,393.0,94.0,3.355000257492065,390.0,93.0,3.355000257492065,400.0,101.0,3.337000131607056,379.0,95.0,3.3010001182556152,398.0,113.0,3.249000072479248,393.0,112.0,3.337000131607056,412.0,155.0,3.087000131607056,347.0,138.0,2.499000072479248,420.0,212.0,3.2840001583099365,373.0,169.0,2.572000026702881,431.0,266.0,3.21500015258789,447.0,160.0,3.150000095367432,435.0,284.0,3.249000072479248,462.0,152.0,3.374000072479248,431.0,283.0,3.249000072479248,462.0,149.0,3.3010001182556152,429.0,277.0,3.374000072479248,458.0,150.0,3.392000198364258,399.0,282.0,3.319000244140625,353.0,283.0,2.510000228881836,403.0,377.0,2.562000036239624,341.0,373.0,2.898000240325928,424.0,456.0,1.6460000276565552,336.0,448.0,1.696000099182129,420.0,466.0,1.555000066757202,341.0,456.0,1.6510000228881836,0.0,0.0,0.0,0.0,0.0,0.0
399.0,102.0,3.337000131607056,400.0,95.0,3.4110002517700195,402.0,96.0,3.4110002517700195,403.0,96.0,3.392000198364258,394.0,93.0,3.430000066757202,391.0,93.0,3.4110002517700195,388.0,92.0,3.355000257492065,400.0,100.0,3.430000066757202,378.0,95.0,3.3010001182556152,399.0,112.0,3.21500015258789,392.0,111.0,3.2320001125335693,411.0,153.0,3.2840001583099365,346.0,137.0,2.562000036239624,420.0,213.0,3.355000257492065,371.0,148.0,2.3560001850128174,432.0,266.0,3.319000244140625,427.0,112.0,3.1820001602172847,436.0,283.0,3.2320001125335693,440.0,105.0,3.21500015258789,432.0,282.0,3.3010001182556152,437.0,103.0,3.21500015258789,429.0,277.0,3.430000066757202,434.0,106.0,3.199000120162964,399.0,282.0,3.249000072479248,353.0,283.0,2.5200002193450928,403.0,377.0,2.5410001277923584,341.0,373.0,2.781000137329101,424.0,456.0,1.6160000562667847,336.0,448.0,1.696000099182129,420.0,466.0,1.5670000314712524,341.0,456.0,1.6330001354217527,0.0,0.0,0.0,328.0,475.0,1.555000066757202
393.0,102.0,3.087000131607056,397.0,95.0,3.134000062942505,399.0,96.0,3.199000120162964,401.0,97.0,3.2320001125335693,390.0,94.0,3.01200008392334,387.0,94.0,3.0260002613067623,385.0,93.0,3.118000030517578,399.0,101.0,3.199000120162964,377.0,96.0,3.355000257492065,395.0,112.0,3.21500015258789,386.0,111.0,3.2660002708435054,410.0,153.0,3.2840001583099365,342.0,137.0,2.8320000171661377,420.0,214.0,3.3010001182556152,369.0,142.0,2.3930001258850098,432.0,266.0,3.2660002708435054,395.0,97.0,3.071000099182129,437.0,283.0,3.2320001125335693,401.0,89.0,3.355000257492065,432.0,282.0,3.199000120162964,400.0,90.0,3.3010001182556152,429.0,277.0,3.319000244140625,397.0,96.0,3.134000062942505,399.0,282.0,3.2660002708435054,352.0,284.0,2.5300002098083496,403.0,376.0,2.6050000190734863,341.0,373.0,2.7560000419616695,424.0,456.0,1.6200001239776611,336.0,448.0,1.7200000286102295,420.0,466.0,1.5360000133514404,341.0,456.0,1.6730000972747803,0.0,0.0,0.0,328.0,475.0,1.5430001020431519
401.0,102.0,3.374000072479248,401.0,95.0,3.569000244140625,402.0,96.0,3.5280001163482666,403.0,97.0,3.508000135421753,397.0,95.0,3.632000207901001,395.0,94.0,3.632000207901001,392.0,94.0,3.5890002250671382,397.0,101.0,3.430000066757202,382.0,96.0,3.150000095367432,400.0,112.0,3.4110002517700195,395.0,111.0,3.355000257492065,408.0,153.0,3.2660002708435054,342.0,137.0,2.9260001182556152,419.0,214.0,3.319000244140625,362.0,147.0,2.3930001258850098,432.0,265.0,3.337000131607056,380.0,105.0,3.355000257492065,437.0,282.0,3.337000131607056,383.0,94.0,3.1820001602172847,432.0,281.0,3.3010001182556152,384.0,95.0,3.21500015258789,429.0,275.0,3.2320001125335693,381.0,99.0,3.1820001602172847,399.0,282.0,3.2840001583099365,353.0,284.0,2.5200002193450928,403.0,376.0,2.6050000190734863,341.0,372.0,2.7680001258850098,424.0,456.0,1.6040000915527344,336.0,448.0,1.6910001039505005,421.0,466.0,1.555000066757202,341.0,456.0,1.6330001354217527,0.0,0.0,0.0,328.0,474.0,1.5870001316070557
402.0,103.0,3.0410001277923584,403.0,96.0,3.21500015258789,404.0,97.0,3.199000120162964,404.0,97.0,3.199000120162964,398.0,95.0,3.337000131607056,396.0,95.0,3.374000072479248,393.0,94.0,3.449000120162964,398.0,101.0,3.118000030517578,383.0,96.0,3.392000198364258,401.0,112.0,3.199000120162964,395.0,111.0,3.199000120162964,408.0,153.0,3.2840001583099365,342.0,137.0,2.5200002193450928,419.0,214.0,3.2840001583099365,362.0,149.0,2.4600000381469727,432.0,264.0,3.2660002708435054,378.0,106.0,3.21500015258789,437.0,281.0,3.21500015258789,381.0,94.0,3.430000066757202,432.0,280.0,3.199000120162964,380.0,95.0,3.430000066757202,429.0,274.0,3.21500015258789,380.0,100.0,3.2840001583099365,399.0,282.0,3.355000257492065,353.0,284.0,2.510000228881836,404.0,376.0,2.616000175476074,341.0,373.0,2.819000244140625,425.0,456.0,1.6120001077651975,336.0,447.0,1.715000033378601,421.0,466.0,1.5430001020431519,341.0,455.0,1.6380001306533811,0.0,0.0,0.0,328.0,475.0,1.540000081062317
403.0,103.0,3.449000120162964,403.0,96.0,3.430000066757202,404.0,97.0,3.430000066757202,405.0,97.0,3.430000066757202,399.0,96.0,3.449000120162964,396.0,95.0,3.468000173568725,393.0,94.0,3.508000135421753,398.0,100.0,3.430000066757202,383.0,96.0,3.54800009727478,401.0,112.0,3.337000131607056,396.0,111.0,3.374000072479248,408.0,153.0,3.1660001277923584,343.0,137.0,2.696000099182129,419.0,214.0,3.355000257492065,362.0,151.0,2.421000003814697,432.0,264.0,3.1820001602172847,378.0,107.0,3.374000072479248,437.0,281.0,3.337000131607056,382.0,96.0,3.5280001163482666,432.0,280.0,3.392000198364258,382.0,97.0,3.5280001163482666,429.0,274.0,3.430000066757202,380.0,100.0,3.430000066757202,399.0,281.0,3.374000072479248,353.0,284.0,2.5300002098083496,404.0,376.0,2.650000095367432,341.0,373.0,2.819000244140625,425.0,456.0,1.6380001306533811,336.0,447.0,1.7100000381469727,421.0,466.0,1.5510001182556152,341.0,455.0,1.6290000677108765,0.0,0.0,0.0,328.0,475.0,1.5790001153945923
403.0,103.0,3.337000131607056,403.0,96.0,3.4110002517700195,404.0,96.0,3.4110002517700195,405.0,97.0,3.4110002517700195,399.0,95.0,3.4110002517700195,396.0,95.0,3.374000072479248,393.0,94.0,3.337000131607056,398.0,100.0,3.2840001583099365,383.0,96.0,3.2840001583099365,401.0,111.0,3.374000072479248,396.0,110.0,3.374000072479248,409.0,153.0,3.199000120162964,343.0,137.0,2.8060002326965328,420.0,214.0,3.355000257492065,362.0,152.0,2.330000162124634,432.0,264.0,3.355000257492065,381.0,107.0,3.337000131607056,437.0,281.0,3.4110002517700195,384.0,95.0,3.2660002708435054,432.0,280.0,3.430000066757202,385.0,96.0,3.249000072479248,430.0,275.0,3.337000131607056,383.0,100.0,3.319000244140625,400.0,282.0,3.1660001277923584,353.0,284.0,2.5410001277923584,404.0,375.0,2.572000026702881,341.0,372.0,2.858000040054321,425.0,455.0,1.6200001239776611,336.0,446.0,1.7440000772476196,420.0,465.0,1.5430001020431519,342.0,454.0,1.6690000295639038,0.0,0.0,0.0,328.0,474.0,1.5470000505447388
396.0,104.0,3.508000135421753,399.0,97.0,3.5280001163482666,401.0,97.0,3.54800009727478,403.0,98.0,3.569000244140625,392.0,95.0,3.430000066757202,389.0,95.0,3.449000120162964,385.0,94.0,3.4880001544952393,400.0,102.0,3.54800009727478,378.0,96.0,3.468000173568725,397.0,113.0,3.430000066757202,388.0,111.0,3.319000244140625,409.0,153.0,3.4880001544952393,343.0,137.0,2.7560000419616695,420.0,214.0,3.4110002517700195,371.0,144.0,2.469000101089477,433.0,265.0,3.150000095367432,415.0,106.0,3.2660002708435054,437.0,282.0,3.3010001182556152,425.0,97.0,3.430000066757202,433.0,281.0,3.2840001583099365,423.0,96.0,3.449000120162964,430.0,276.0,3.21500015258789,420.0,99.0,3.392000198364258,399.0,282.0,3.2840001583099365,352.0,284.0,2.5300002098083496,404.0,376.0,2.562000036239624,341.0,373.0,2.819000244140625,424.0,455.0,1.6380001306533811,336.0,446.0,1.6730000972747803,420.0,465.0,1.5470000505447388,342.0,455.0,1.6200001239776611,0.0,0.0,0.0,328.0,474.0,1.52400004863739
398.0,104.0,3.2660002708435054,400.0,96.0,3.2660002708435054,401.0,97.0,3.2840001583099365,403.0,97.0,3.319000244140625,393.0,94.0,3.1820001602172847,390.0,94.0,3.1660001277923584,387.0,93.0,3.199000120162964,401.0,101.0,3.3010001182556152,377.0,96.0,3.1660001277923584,398.0,113.0,3.355000257492065,391.0,112.0,3.374000072479248,409.0,153.0,2.174000024795532,346.0,137.0,2.572000026702881,421.0,214.0,3.355000257492065,374.0,152.0,2.940000057220459,433.0,265.0,3.21500015258789,435.0,122.0,3.355000257492065,438.0,282.0,3.2840001583099365,450.0,112.0,3.249000072479248,433.0,281.0,3.319000244140625,448.0,109.0,3.319000244140625,430.0,276.0,3.2840001583099365,444.0,112.0,3.1820001602172847,399.0,282.0,3.199000120162964,352.0,284.0,2.5200002193450928,404.0,376.0,2.616000175476074,341.0,373.0,2.8060002326965328,424.0,455.0,1.6510000228881836,336.0,447.0,1.7100000381469727,420.0,465.0,1.5430001020431519,342.0,455.0,1.6460000276565552,0.0,0.0,0.0,328.0,474.0,1.5360000133514404
399.0,105.0,3.4110002517700195,400.0,97.0,3.355000257492065,402.0,97.0,3.319000244140625,403.0,98.0,3.355000257492065,395.0,95.0,3.374000072479248,392.0,94.0,3.4110002517700195,388.0,93.0,3.449000120162964,400.0,101.0,3.430000066757202,378.0,96.0,3.3010001182556152,398.0,113.0,3.2660002708435054,392.0,112.0,3.2320001125335693,411.0,154.0,3.374000072479248,348.0,138.0,2.510000228881836,421.0,214.0,3.319000244140625,380.0,158.0,3.4110002517700195,433.0,265.0,3.249000072479248,458.0,144.0,3.319000244140625,438.0,282.0,3.319000244140625,471.0,141.0,3.430000066757202,433.0,281.0,3.355000257492065,470.0,138.0,3.355000257492065,430.0,276.0,3.374000072479248,466.0,139.0,3.355000257492065,399.0,282.0,3.2840001583099365,353.0,284.0,2.5200002193450928,404.0,376.0,2.638000011444092,341.0,373.0,2.7440001964569087,424.0,455.0,1.6040000915527344,336.0,447.0,1.715000033378601,420.0,465.0,1.5630000829696655,342.0,455.0,1.6640000343322752,0.0,0.0,0.0,329.0,474.0,1.5430001020431519
